# a bolt, a screw, whatever.
# screw this . . .                                                                                                                                                                                                                                                                                                                                                                                                                                                                                                                                                                                                                                                                                                                                                                                                                                                                                                                                           . . . i geniuenly need to shut up i swear.

o Bolt
v 0.066933 1.040644 -0.379837
v 0.131873 1.040644 -0.362436
v 0.108538 1.027295 -0.615792
v 0.224088 0.997275 -0.615792
v 0.355485 0.941532 -0.615792
v 0.108538 0.941532 -0.615792
v 0.224088 0.941532 -0.615792
v 0.108538 0.600493 -0.615792
v 0.224088 0.600493 -0.615792
v 0.355485 0.600493 -0.615792
v 0.106889 0.600493 -0.606437
v 0.210571 0.600493 -0.578655
v 0.106889 0.596644 -0.606437
v 0.210571 0.596644 -0.578655
v 0.307853 0.596644 -0.533292
v 0.058952 0.596644 -0.334574
v 0.116154 0.596644 -0.319247
v -0.000042 1.040644 -0.385696
v -0.067017 1.040644 -0.379837
v -0.131958 1.040644 -0.362436
v -0.000042 1.036795 -0.615792
v -0.108623 1.027295 -0.615792
v -0.224172 0.997275 -0.615792
v -0.000042 0.941532 -0.615792
v -0.108623 0.941532 -0.615792
v -0.224172 0.941532 -0.615792
v -0.108623 0.600493 -0.615792
v -0.224172 0.600493 -0.615792
v -0.000042 0.600493 -0.615792
v -0.106973 0.600493 -0.606437
v -0.210655 0.600493 -0.578655
v -0.000042 0.596644 -0.615792
v -0.106973 0.596644 -0.606437
v -0.210655 0.596644 -0.578655
v -0.307938 0.596644 -0.533292
v -0.000042 0.596644 -0.339736
v -0.059036 0.596644 -0.334574
v -0.116238 0.596644 -0.319247
v -0.169909 0.596644 -0.294220
v -0.334064 1.040644 -0.192849
v -0.295502 1.040644 -0.247921
v -0.247962 1.040644 -0.295461
v -0.192890 1.040644 -0.334023
v -0.479043 1.027295 -0.401930
v -0.421268 0.997275 -0.501998
v -0.479043 0.941532 -0.401930
v -0.421268 0.941532 -0.501998
v -0.355569 0.941532 -0.615792
v -0.533333 0.600493 -0.307897
v -0.479043 0.600493 -0.401930
v -0.421268 0.600493 -0.501998
v -0.355569 0.600493 -0.615792
v -0.471766 0.600493 -0.395824
v -0.395865 0.600493 -0.471724
v -0.307938 0.600493 -0.533292
v -0.533333 0.596644 -0.307897
v -0.471766 0.596644 -0.395824
v -0.395865 0.596644 -0.471724
v -0.260294 0.596644 -0.218378
v -0.218419 0.596644 -0.260253
v -0.290928 0.592796 -0.167944
v -0.257346 0.592796 -0.215904
v -0.215946 0.592796 -0.257305
v -0.362477 1.040644 -0.131916
v -0.379878 1.040644 -0.066976
v -0.385737 1.040644 -0.000001
v -0.533333 1.036795 -0.307897
v -0.587623 1.027295 -0.213863
v -0.645398 0.997275 -0.113795
v -0.711096 0.941532 -0.000001
v -0.533333 0.941532 -0.307897
v -0.587623 0.941532 -0.213863
v -0.645398 0.941532 -0.113795
v -0.587623 0.600493 -0.213863
v -0.645398 0.600493 -0.113795
v -0.711096 0.600493 -0.000001
v -0.578697 0.600493 -0.210614
v -0.606478 0.600493 -0.106932
v -0.578697 0.596644 -0.210614
v -0.606478 0.596644 -0.106932
v -0.615833 0.596644 -0.000001
v -0.294261 0.596644 -0.169868
v -0.319288 0.596644 -0.116197
v -0.334616 0.596644 -0.058995
v -0.339777 0.596644 -0.000001
v -0.315672 0.592796 -0.114881
v -0.330825 0.592796 -0.058327
v -0.335928 0.592796 -0.000001
v -0.362477 1.040644 0.131914
v -0.379878 1.040644 0.066974
v -0.533333 1.036795 0.307894
v -0.587623 1.027295 0.213861
v -0.645398 0.997275 0.113792
v -0.587623 0.941532 0.213861
v -0.645398 0.941532 0.113792
v -0.587623 0.600493 0.213861
v -0.645398 0.600493 0.113792
v -0.533333 0.600493 0.307894
v -0.578697 0.600493 0.210612
v -0.606478 0.600493 0.106930
v -0.615833 0.600493 -0.000001
v -0.533333 0.596644 0.307894
v -0.578697 0.596644 0.210612
v -0.606478 0.596644 0.106930
v -0.294261 0.596644 0.169866
v -0.319288 0.596644 0.116195
v -0.334616 0.596644 0.058993
v -0.334064 1.040644 0.192846
v -0.295502 1.040644 0.247919
v -0.247962 1.040644 0.295459
v -0.479043 1.027295 0.401928
v -0.421268 0.997275 0.501996
v -0.533333 0.941532 0.307894
v -0.479043 0.941532 0.401928
v -0.421268 0.941532 0.501996
v -0.479043 0.600493 0.401928
v -0.421268 0.600493 0.501996
v -0.471766 0.600493 0.395822
v -0.395865 0.600493 0.471722
v -0.307938 0.600493 0.533290
v -0.471766 0.596644 0.395822
v -0.395865 0.596644 0.471722
v -0.307938 0.596644 0.533290
v -0.260294 0.596644 0.218376
v -0.218419 0.596644 0.260251
v -0.290928 0.592796 0.167942
v -0.000042 1.040644 0.385694
v -0.067017 1.040644 0.379835
v -0.131958 1.040644 0.362434
v -0.192890 1.040644 0.334021
v -0.000042 1.036795 0.615790
v -0.108623 1.027295 0.615790
v -0.224172 0.997275 0.615790
v -0.108623 0.941532 0.615790
v -0.224172 0.941532 0.615790
v -0.355569 0.941532 0.615790
v -0.108623 0.600493 0.615790
v -0.224172 0.600493 0.615790
v -0.355569 0.600493 0.615790
v -0.106973 0.600493 0.606435
v -0.210655 0.600493 0.578653
v -0.000042 0.596644 0.615790
v -0.106973 0.596644 0.606435
v -0.210655 0.596644 0.578653
v -0.000042 0.596644 0.339734
v -0.059036 0.596644 0.334572
v -0.116238 0.596644 0.319245
v -0.169910 0.596644 0.294218
v -0.114922 0.592796 0.315629
v -0.167985 0.592796 0.290885
v 0.066933 1.040644 0.379835
v 0.131873 1.040644 0.362434
v 0.192805 1.040644 0.334021
v 0.108538 1.027295 0.615790
v 0.224087 0.997275 0.615790
v -0.000042 0.941532 0.615790
v 0.108538 0.941532 0.615790
v 0.224087 0.941532 0.615790
v -0.000042 0.600493 0.615790
v 0.108538 0.600493 0.615790
v 0.224087 0.600493 0.615790
v 0.355485 0.600493 0.615790
v 0.106889 0.600493 0.606435
v 0.210571 0.600493 0.578653
v 0.307853 0.600493 0.533290
v 0.106889 0.596644 0.606435
v 0.210571 0.596644 0.578653
v 0.307853 0.596644 0.533290
v 0.058952 0.596644 0.334572
v 0.116154 0.596644 0.319245
v 0.169825 0.596644 0.294218
v -0.000042 0.592796 0.335885
v 0.114838 0.592796 0.315629
v 0.333980 1.040644 0.192846
v 0.295417 1.040644 0.247919
v 0.247878 1.040644 0.295459
v 0.533249 1.036795 0.307894
v 0.478958 1.027295 0.401928
v 0.421184 0.997275 0.501996
v 0.355485 0.941532 0.615790
v 0.533249 0.941532 0.307894
v 0.478958 0.941532 0.401928
v 0.421184 0.941532 0.501996
v 0.478958 0.600493 0.401928
v 0.421184 0.600493 0.501996
v 0.471681 0.600493 0.395822
v 0.395781 0.600493 0.471722
v 0.533249 0.596644 0.307894
v 0.471681 0.596644 0.395822
v 0.395781 0.596644 0.471722
v 0.294177 0.596644 0.169866
v 0.260210 0.596644 0.218376
v 0.218335 0.596644 0.260251
v 0.362393 1.040644 0.131914
v 0.379793 1.040644 0.066974
v 0.587539 1.027295 0.213861
v 0.645314 0.997275 0.113792
v 0.587539 0.941532 0.213861
v 0.645314 0.941532 0.113792
v 0.587539 0.600493 0.213861
v 0.645314 0.600493 0.113792
v 0.533249 0.600493 0.307894
v 0.578612 0.600493 0.210612
v 0.606394 0.600493 0.106930
v 0.578612 0.596644 0.210612
v 0.606394 0.596644 0.106930
v 0.319204 0.596644 0.116195
v 0.334531 0.596644 0.058993
v 0.333980 1.040644 -0.192849
v 0.362393 1.040644 -0.131916
v 0.379793 1.040644 -0.066976
v 0.385653 1.040644 -0.000001
v 0.533249 1.036795 -0.307897
v 0.587539 1.027295 -0.213863
v 0.645313 0.997275 -0.113795
v 0.533249 0.941532 -0.307897
v 0.587539 0.941532 -0.213863
v 0.645313 0.941532 -0.113795
v 0.711012 0.941532 -0.000001
v 0.587539 0.600493 -0.213863
v 0.645313 0.600493 -0.113795
v 0.711012 0.600493 -0.000001
v 0.578612 0.600493 -0.210614
v 0.606394 0.600493 -0.106932
v 0.615749 0.600493 -0.000001
v 0.578612 0.596644 -0.210614
v 0.606394 0.596644 -0.106932
v 0.615749 0.596644 -0.000001
v 0.319204 0.596644 -0.116197
v 0.334531 0.596644 -0.058995
v 0.339693 0.596644 -0.000001
v 0.335844 0.592796 -0.000001
v 0.295417 1.040644 -0.247921
v 0.247878 1.040644 -0.295461
v 0.192806 1.040644 -0.334023
v 0.478958 1.027295 -0.401930
v 0.421184 0.997275 -0.501998
v 0.478958 0.941532 -0.401930
v 0.421184 0.941532 -0.501998
v 0.533249 0.600493 -0.307897
v 0.478958 0.600493 -0.401930
v 0.421184 0.600493 -0.501998
v 0.471681 0.600493 -0.395824
v 0.395781 0.600493 -0.471724
v 0.307853 0.600493 -0.533292
v 0.533249 0.596644 -0.307897
v 0.471681 0.596644 -0.395824
v 0.395781 0.596644 -0.471724
v 0.294177 0.596644 -0.169868
v 0.260210 0.596644 -0.218378
v 0.218335 0.596644 -0.260253
v 0.169825 0.596644 -0.294220
v 0.290844 0.592796 -0.167944
v -0.330825 0.592796 0.058325
v -0.167985 0.592796 -0.290887
v -0.114922 0.592796 -0.315631
v -0.058368 0.592796 -0.330784
v -0.000042 0.592796 -0.335887
v 0.167901 0.592796 -0.290887
v 0.058284 0.592796 0.330782
v 0.215861 0.592796 -0.257305
v 0.257262 0.592796 -0.215904
v 0.290844 0.592796 0.167942
v 0.215861 0.592796 0.257303
v 0.167901 0.592796 0.290885
v -0.257346 0.592796 0.215902
v 0.114838 0.592796 -0.315631
v 0.315588 0.592796 0.114879
v 0.257262 0.592796 0.215902
v -0.058368 0.592796 0.330782
v -0.215946 0.592796 0.257303
v -0.315672 0.592796 0.114879
v -0.215946 0.591707 -0.257305
v -0.167985 0.589530 -0.290887
v -0.114922 0.587353 -0.315631
v -0.058368 0.585176 -0.330784
v -0.000042 0.582999 -0.335887
v 0.315588 0.592796 -0.114881
v 0.330741 0.592796 -0.058327
v -0.167985 0.591163 0.290885
v -0.215946 0.588986 0.257303
v -0.257346 0.586809 0.215902
v -0.290928 0.584632 0.167942
v -0.315672 0.582455 0.114879
v -0.330825 0.580278 0.058325
v -0.335928 0.578101 -0.000001
v -0.330825 0.575924 -0.058327
v -0.315672 0.573747 -0.114881
v -0.290928 0.571570 -0.167944
v -0.257346 0.569393 -0.215904
v -0.215946 0.567215 -0.257305
v -0.167985 0.565038 -0.290887
v -0.114922 0.562861 -0.315631
v -0.058368 0.560684 -0.330784
v -0.000042 0.558507 -0.335887
v 0.058284 0.592796 -0.330784
v 0.330741 0.592796 0.058325
v 0.290844 0.591163 0.167942
v 0.257262 0.588986 0.215902
v 0.215861 0.586809 0.257303
v 0.167901 0.584632 0.290885
v 0.114838 0.582455 0.315629
v 0.058284 0.580278 0.330782
v -0.000042 0.578101 0.335885
v -0.058368 0.575924 0.330782
v -0.114922 0.573747 0.315629
v -0.167985 0.571570 0.290885
v -0.215946 0.569393 0.257303
v -0.257346 0.567215 0.215902
v -0.290928 0.565038 0.167942
v -0.315672 0.562861 0.114879
v -0.330825 0.560684 0.058325
v -0.335928 0.558507 -0.000001
v -0.330825 0.556330 -0.058327
v -0.315672 0.554153 -0.114881
v -0.290928 0.551976 -0.167944
v -0.257346 0.549799 -0.215904
v -0.215946 0.547622 -0.257305
v -0.167985 0.545445 -0.290887
v -0.114922 0.543268 -0.315631
v -0.058368 0.541091 -0.330784
v -0.000042 0.538914 -0.335887
v 0.058284 0.590619 -0.330784
v 0.114838 0.588442 -0.315631
v 0.167901 0.586265 -0.290887
v 0.215861 0.584087 -0.257305
v 0.257262 0.581910 -0.215904
v 0.290844 0.579733 -0.167944
v 0.315588 0.577556 -0.114881
v 0.330741 0.575379 -0.058327
v 0.335844 0.573202 -0.000001
v 0.330741 0.571025 0.058325
v 0.315588 0.568848 0.114879
v 0.290844 0.566671 0.167942
v 0.257262 0.564494 0.215902
v 0.215861 0.562317 0.257303
v 0.167901 0.560140 0.290885
v 0.114838 0.557963 0.315629
v 0.058284 0.555786 0.330782
v -0.000042 0.553609 0.335885
v -0.058368 0.551432 0.330782
v -0.114922 0.549255 0.315629
v -0.167985 0.547078 0.290885
v -0.215946 0.544901 0.257303
v -0.257346 0.542724 0.215902
v -0.290928 0.540547 0.167942
v -0.315672 0.538370 0.114879
v -0.330825 0.536193 0.058325
v -0.335928 0.534016 -0.000001
v -0.330825 0.531839 -0.058327
v -0.315672 0.529661 -0.114881
v -0.290928 0.527484 -0.167944
v -0.257346 0.525307 -0.215904
v -0.215946 0.523130 -0.257305
v -0.167985 0.520953 -0.290887
v -0.114922 0.518776 -0.315631
v -0.058368 0.516599 -0.330784
v -0.000042 0.514422 -0.335887
v 0.058284 0.580822 -0.330784
v 0.114838 0.578645 -0.315631
v 0.167901 0.576468 -0.290887
v 0.215861 0.574291 -0.257305
v 0.257262 0.572114 -0.215904
v 0.290844 0.569937 -0.167944
v 0.315588 0.567760 -0.114881
v 0.330741 0.565583 -0.058327
v 0.335844 0.563406 -0.000001
v 0.330741 0.561229 0.058325
v 0.315588 0.559052 0.114879
v 0.290844 0.556875 0.167942
v 0.257262 0.554698 0.215902
v 0.215861 0.552521 0.257303
v 0.167901 0.550343 0.290885
v 0.114838 0.548166 0.315629
v 0.058284 0.545989 0.330782
v -0.000042 0.543812 0.335885
v -0.058368 0.541635 0.330782
v -0.114922 0.539458 0.315629
v -0.167985 0.537281 0.290885
v -0.215946 0.535104 0.257303
v -0.257346 0.532927 0.215902
v -0.290928 0.530750 0.167942
v -0.315672 0.528573 0.114879
v -0.330825 0.526396 0.058325
v -0.335928 0.524219 -0.000001
v -0.330825 0.522042 -0.058327
v -0.315672 0.519865 -0.114881
v -0.290928 0.517688 -0.167944
v -0.257346 0.515511 -0.215904
v -0.215946 0.513334 -0.257305
v -0.167985 0.511157 -0.290887
v -0.114922 0.508980 -0.315631
v -0.058368 0.506803 -0.330784
v -0.000042 0.504626 -0.335887
v 0.058079 0.556330 -0.329624
v 0.114032 0.554153 -0.313416
v 0.166133 0.551976 -0.287825
v 0.212832 0.549799 -0.253694
v 0.252748 0.547622 -0.212117
v 0.284721 0.545445 -0.164409
v 0.307836 0.543268 -0.112060
v 0.321457 0.541091 -0.056690
v 0.325239 0.538914 -0.000001
v 0.319137 0.536737 0.056279
v 0.303407 0.534560 0.110446
v 0.278598 0.532383 0.160872
v 0.245527 0.530206 0.206056
v 0.205257 0.528029 0.244665
v 0.159063 0.525852 0.275578
v 0.108389 0.523675 0.297912
v 0.054805 0.521498 0.311054
v -0.000042 0.519321 0.314675
v -0.054480 0.517144 0.308734
v -0.106861 0.514967 0.293483
v -0.155612 0.512789 0.269455
v -0.199282 0.510612 0.237444
v -0.236584 0.508435 0.198481
v -0.266436 0.506258 0.153802
v -0.287989 0.504081 0.104803
v -0.300653 0.501904 0.053005
v -0.304113 0.499727 -0.000001
v -0.298333 0.497550 -0.052598
v -0.283560 0.495373 -0.103193
v -0.260313 0.493196 -0.150269
v -0.229363 0.491019 -0.192424
v -0.191708 0.488842 -0.228419
v -0.148542 0.486665 -0.257211
v -0.101219 0.484488 -0.277983
v -0.051206 0.482311 -0.290168
v 0.058079 0.536737 -0.329624
v 0.114032 0.534560 -0.313416
v 0.166133 0.532383 -0.287825
v 0.212832 0.530206 -0.253694
v 0.252748 0.528029 -0.212117
v 0.284721 0.525852 -0.164409
v 0.307836 0.523675 -0.112060
v 0.321457 0.521498 -0.056690
v 0.325239 0.519321 -0.000001
v 0.319137 0.517144 0.056279
v 0.303407 0.514967 0.110446
v 0.278598 0.512789 0.160872
v 0.245527 0.510612 0.206056
v 0.205257 0.508435 0.244665
v 0.159063 0.506258 0.275578
v 0.108389 0.504081 0.297912
v 0.054805 0.501904 0.311054
v -0.000042 0.499727 0.314675
v -0.054480 0.497550 0.308734
v -0.106861 0.495373 0.293483
v -0.155612 0.493196 0.269455
v -0.199282 0.491019 0.237444
v -0.236584 0.488842 0.198481
v -0.266436 0.486665 0.153802
v -0.287989 0.484488 0.104803
v -0.300653 0.482311 0.053005
v -0.304113 0.480134 -0.000001
v -0.298333 0.477957 -0.052598
v -0.283560 0.475780 -0.103193
v -0.260313 0.473603 -0.150269
v -0.229363 0.471426 -0.192424
v -0.191708 0.469249 -0.228419
v -0.148542 0.467072 -0.257211
v -0.101219 0.464895 -0.277983
v -0.051206 0.462718 -0.290168
v -0.000042 0.460541 -0.293466
v 0.058284 0.512245 -0.330784
v 0.114838 0.510068 -0.315631
v 0.167901 0.507891 -0.290887
v 0.215861 0.505714 -0.257305
v 0.257262 0.503537 -0.215904
v 0.290844 0.501360 -0.167944
v 0.315588 0.499183 -0.114881
v 0.330741 0.497006 -0.058327
v 0.335844 0.494829 -0.000001
v 0.330741 0.492652 0.058325
v 0.315588 0.490475 0.114879
v 0.290844 0.488298 0.167942
v 0.257262 0.486121 0.215902
v 0.215861 0.483944 0.257303
v 0.167901 0.481767 0.290885
v 0.114838 0.479590 0.315629
v 0.058284 0.477413 0.330782
v -0.000042 0.475236 0.335885
v -0.058368 0.473058 0.330782
v -0.114922 0.470881 0.315629
v -0.167985 0.468704 0.290885
v -0.215946 0.466527 0.257303
v -0.257346 0.464350 0.215902
v -0.290928 0.462173 0.167942
v -0.315672 0.459996 0.114879
v -0.330825 0.457819 0.058325
v -0.335928 0.455642 -0.000001
v -0.330825 0.453465 -0.058327
v -0.315672 0.451288 -0.114881
v -0.290928 0.449111 -0.167944
v -0.257346 0.446934 -0.215904
v -0.215946 0.444757 -0.257305
v -0.167985 0.442580 -0.290887
v -0.114922 0.440403 -0.315631
v -0.058368 0.438226 -0.330784
v -0.000042 0.436049 -0.335887
v 0.058284 0.502449 -0.330784
v 0.114838 0.500271 -0.315631
v 0.167901 0.498094 -0.290887
v 0.215861 0.495917 -0.257305
v 0.257262 0.493740 -0.215904
v 0.290844 0.491563 -0.167944
v 0.315588 0.489386 -0.114881
v 0.330741 0.487209 -0.058327
v 0.335844 0.485032 -0.000001
v 0.330741 0.482855 0.058325
v 0.315588 0.480678 0.114879
v 0.290844 0.478501 0.167942
v 0.257262 0.476324 0.215902
v 0.215861 0.474147 0.257303
v 0.167901 0.471970 0.290885
v 0.114838 0.469793 0.315629
v 0.058284 0.467616 0.330782
v -0.000042 0.465439 0.335885
v -0.058368 0.463262 0.330782
v -0.114922 0.461085 0.315629
v -0.167985 0.458908 0.290885
v -0.215946 0.456731 0.257303
v -0.257346 0.454554 0.215902
v -0.290928 0.452377 0.167942
v -0.315672 0.450200 0.114879
v -0.330825 0.448023 0.058325
v -0.335928 0.445845 -0.000001
v -0.330825 0.443668 -0.058327
v -0.315672 0.441491 -0.114881
v -0.290928 0.439314 -0.167944
v -0.257346 0.437137 -0.215904
v -0.215946 0.434960 -0.257305
v -0.167985 0.432783 -0.290887
v -0.114922 0.430606 -0.315631
v -0.058368 0.428429 -0.330784
v -0.000042 0.426252 -0.335887
v -0.000042 0.480134 -0.293466
v 0.050918 0.477957 -0.289008
v 0.100329 0.475780 -0.275768
v 0.146690 0.473603 -0.254149
v 0.188594 0.471426 -0.224808
v 0.224765 0.469249 -0.188637
v 0.254106 0.467072 -0.146734
v 0.275725 0.464895 -0.100372
v 0.288965 0.462718 -0.050961
v 0.293423 0.460541 -0.000001
v 0.288965 0.458364 0.050959
v 0.275725 0.456186 0.100370
v 0.254106 0.454009 0.146732
v 0.224765 0.451832 0.188635
v 0.188594 0.449655 0.224806
v 0.146690 0.447478 0.254147
v 0.100329 0.445301 0.275766
v 0.050918 0.443124 0.289006
v -0.000042 0.440947 0.293464
v -0.051002 0.438770 0.289006
v -0.100413 0.436593 0.275766
v -0.146775 0.434416 0.254147
v -0.188678 0.432239 0.224806
v -0.224849 0.430062 0.188635
v -0.254190 0.427885 0.146732
v -0.275809 0.425708 0.100370
v -0.289049 0.423531 0.050959
v -0.293507 0.421354 -0.000001
v -0.289049 0.419177 -0.050961
v -0.275809 0.417000 -0.100372
v -0.254190 0.414823 -0.146734
v -0.224849 0.412646 -0.188637
v -0.188678 0.410469 -0.224808
v -0.146775 0.408292 -0.254149
v -0.100413 0.406115 -0.275768
v -0.051002 0.403938 -0.289008
v -0.000042 0.401761 -0.293466
v 0.050918 0.458364 -0.289008
v 0.100329 0.456186 -0.275768
v 0.146690 0.454009 -0.254149
v 0.188594 0.451832 -0.224808
v 0.224765 0.449655 -0.188637
v 0.254106 0.447478 -0.146734
v 0.275725 0.445301 -0.100372
v 0.288965 0.443124 -0.050961
v 0.293423 0.440947 -0.000001
v 0.288965 0.438770 0.050959
v 0.275725 0.436593 0.100370
v 0.254106 0.434416 0.146732
v 0.224765 0.432239 0.188635
v 0.188594 0.430062 0.224806
v 0.146690 0.427885 0.254147
v 0.100329 0.425708 0.275766
v 0.050918 0.423531 0.289006
v -0.000042 0.421354 0.293464
v -0.051002 0.419177 0.289006
v -0.100413 0.417000 0.275766
v -0.146775 0.414823 0.254147
v -0.188678 0.412646 0.224806
v -0.224849 0.410469 0.188635
v -0.254190 0.408292 0.146732
v -0.275809 0.406115 0.100370
v -0.289049 0.403938 0.050959
v -0.293507 0.401761 -0.000001
v -0.289049 0.399583 -0.050961
v -0.275809 0.397406 -0.100372
v -0.254190 0.395229 -0.146734
v -0.224849 0.393052 -0.188637
v -0.188678 0.390875 -0.224808
v -0.146775 0.388698 -0.254149
v -0.100413 0.386521 -0.275768
v -0.051002 0.384344 -0.289008
v -0.000042 0.382167 -0.293466
v 0.058284 0.433872 -0.330784
v 0.114838 0.431695 -0.315631
v 0.167901 0.429518 -0.290887
v 0.215861 0.427341 -0.257305
v 0.257262 0.425164 -0.215904
v 0.290844 0.422987 -0.167944
v 0.315588 0.420810 -0.114881
v 0.330741 0.418633 -0.058327
v 0.335844 0.416455 -0.000001
v 0.330741 0.414278 0.058325
v 0.315588 0.412101 0.114879
v 0.290844 0.409924 0.167942
v 0.257262 0.407747 0.215902
v 0.215861 0.405570 0.257303
v 0.167901 0.403393 0.290885
v 0.114838 0.401216 0.315629
v 0.058284 0.399039 0.330782
v -0.000042 0.396862 0.335885
v -0.058368 0.394685 0.330782
v -0.114922 0.392508 0.315629
v -0.167985 0.390331 0.290885
v -0.215946 0.388154 0.257303
v -0.257346 0.385977 0.215902
v -0.290928 0.383800 0.167942
v -0.315672 0.381623 0.114879
v -0.330825 0.379446 0.058325
v -0.335928 0.377269 -0.000001
v -0.330825 0.375092 -0.058327
v -0.315672 0.372915 -0.114881
v -0.290928 0.370738 -0.167944
v -0.257346 0.368561 -0.215904
v -0.215946 0.366384 -0.257305
v -0.167985 0.364207 -0.290887
v -0.114922 0.362029 -0.315631
v -0.058368 0.359852 -0.330784
v -0.000042 0.357675 -0.335887
v 0.058284 0.424075 -0.330784
v 0.114838 0.421898 -0.315631
v 0.167901 0.419721 -0.290887
v 0.215861 0.417544 -0.257305
v 0.257262 0.415367 -0.215904
v 0.290844 0.413190 -0.167944
v 0.315588 0.411013 -0.114881
v 0.330741 0.408836 -0.058327
v 0.335844 0.406659 -0.000001
v 0.330741 0.404482 0.058325
v 0.315588 0.402305 0.114879
v 0.290844 0.400128 0.167942
v 0.257262 0.397951 0.215902
v 0.215861 0.395774 0.257303
v 0.167901 0.393597 0.290885
v 0.114838 0.391420 0.315629
v 0.058284 0.389243 0.330782
v -0.000042 0.387065 0.335885
v -0.058368 0.384888 0.330782
v -0.114922 0.382711 0.315629
v -0.167985 0.380534 0.290885
v -0.215946 0.378357 0.257303
v -0.257346 0.376180 0.215902
v -0.290928 0.374003 0.167942
v -0.315672 0.371826 0.114879
v -0.330825 0.369649 0.058325
v -0.335928 0.367472 -0.000001
v -0.330825 0.365295 -0.058327
v -0.315672 0.363118 -0.114881
v -0.290928 0.360941 -0.167944
v -0.257346 0.358764 -0.215904
v -0.215946 0.356587 -0.257305
v -0.167985 0.354410 -0.290887
v -0.114922 0.352233 -0.315631
v -0.058368 0.350056 -0.330784
v -0.000042 0.347879 -0.335887
v 0.050918 0.399583 -0.289008
v 0.100329 0.397406 -0.275768
v 0.146690 0.395229 -0.254149
v 0.188594 0.393052 -0.224808
v 0.224765 0.390875 -0.188637
v 0.254106 0.388698 -0.146734
v 0.275725 0.386521 -0.100372
v 0.288965 0.384344 -0.050961
v 0.293423 0.382167 -0.000001
v 0.288965 0.379990 0.050959
v 0.275725 0.377813 0.100370
v 0.254106 0.375636 0.146732
v 0.224765 0.373459 0.188635
v 0.188594 0.371282 0.224806
v 0.146690 0.369105 0.254147
v 0.100329 0.366928 0.275766
v 0.050918 0.364751 0.289006
v -0.000042 0.362574 0.293464
v -0.051002 0.360397 0.289006
v -0.100413 0.358220 0.275766
v -0.146775 0.356043 0.254147
v -0.188678 0.353866 0.224806
v -0.224849 0.351689 0.188635
v -0.254190 0.349512 0.146732
v -0.275809 0.347335 0.100370
v -0.289049 0.345157 0.050959
v -0.293507 0.342980 -0.000001
v -0.289049 0.340803 -0.050961
v -0.275809 0.338626 -0.100372
v -0.254190 0.336449 -0.146734
v -0.224849 0.334272 -0.188637
v -0.188678 0.332095 -0.224808
v -0.146775 0.329918 -0.254149
v -0.100413 0.327741 -0.275768
v -0.051002 0.325564 -0.289008
v 0.050918 0.379990 -0.289008
v 0.100329 0.377813 -0.275768
v 0.146690 0.375636 -0.254149
v 0.188594 0.373459 -0.224808
v 0.224765 0.371282 -0.188637
v 0.254106 0.369105 -0.146734
v 0.275725 0.366928 -0.100372
v 0.288965 0.364751 -0.050961
v 0.293423 0.362574 -0.000001
v 0.288965 0.360397 0.050959
v 0.275725 0.358220 0.100370
v 0.254106 0.356043 0.146732
v 0.224765 0.353866 0.188635
v 0.188594 0.351689 0.224806
v 0.146690 0.349512 0.254147
v 0.100329 0.347335 0.275766
v 0.050918 0.345157 0.289006
v -0.000042 0.342980 0.293464
v -0.051002 0.340803 0.289006
v -0.100413 0.338626 0.275766
v -0.146775 0.336449 0.254147
v -0.188678 0.334272 0.224806
v -0.224849 0.332095 0.188635
v -0.254190 0.329918 0.146732
v -0.275809 0.327741 0.100370
v -0.289049 0.325564 0.050959
v -0.293507 0.323387 -0.000001
v -0.289049 0.321210 -0.050961
v -0.275809 0.319033 -0.100372
v -0.254190 0.316856 -0.146734
v -0.224849 0.314679 -0.188637
v -0.188678 0.312502 -0.224808
v -0.146775 0.310325 -0.254149
v -0.100413 0.308148 -0.275768
v -0.051002 0.305971 -0.289008
v -0.000042 0.303794 -0.293466
v 0.058284 0.355498 -0.330784
v 0.114838 0.353321 -0.315631
v 0.167901 0.351144 -0.290887
v 0.215861 0.348967 -0.257305
v 0.257262 0.346790 -0.215904
v 0.290844 0.344613 -0.167944
v 0.315588 0.342436 -0.114881
v 0.330741 0.340259 -0.058327
v 0.335844 0.338082 -0.000001
v 0.330741 0.335905 0.058325
v 0.315588 0.333728 0.114879
v 0.290844 0.331551 0.167942
v 0.257262 0.329374 0.215902
v 0.215861 0.327197 0.257303
v 0.167901 0.325020 0.290885
v 0.114838 0.322843 0.315629
v 0.058284 0.320666 0.330782
v -0.000042 0.318489 0.335885
v -0.058368 0.316312 0.330782
v -0.114922 0.314135 0.315629
v -0.167985 0.311958 0.290885
v -0.215946 0.309781 0.257303
v -0.257346 0.307603 0.215902
v -0.290928 0.305426 0.167942
v -0.315672 0.303249 0.114879
v -0.330825 0.301072 0.058325
v -0.335928 0.298895 -0.000001
v -0.330825 0.296718 -0.058327
v -0.315672 0.294541 -0.114881
v -0.290928 0.292364 -0.167944
v -0.257346 0.290187 -0.215904
v -0.215946 0.288010 -0.257305
v -0.167985 0.285833 -0.290887
v -0.114922 0.283656 -0.315631
v -0.058368 0.281479 -0.330784
v -0.000042 0.279302 -0.335887
v 0.058284 0.345702 -0.330784
v 0.114838 0.343525 -0.315631
v 0.167901 0.341348 -0.290887
v 0.215861 0.339171 -0.257305
v 0.257262 0.336994 -0.215904
v 0.290844 0.334816 -0.167944
v 0.315588 0.332639 -0.114881
v 0.330741 0.330462 -0.058327
v 0.335844 0.328285 -0.000001
v 0.330741 0.326108 0.058325
v 0.315588 0.323931 0.114879
v 0.290844 0.321754 0.167942
v 0.257262 0.319577 0.215902
v 0.215861 0.317400 0.257303
v 0.167901 0.315223 0.290885
v 0.114838 0.313046 0.315629
v 0.058284 0.310869 0.330782
v -0.000042 0.308692 0.335885
v -0.058368 0.306515 0.330782
v -0.114922 0.304338 0.315629
v -0.167985 0.302161 0.290885
v -0.215946 0.299984 0.257303
v -0.257346 0.297807 0.215902
v -0.290928 0.295630 0.167942
v -0.315672 0.293453 0.114879
v -0.330825 0.291276 0.058325
v -0.335928 0.289099 -0.000001
v -0.330825 0.286922 -0.058327
v -0.315672 0.284745 -0.114881
v -0.290928 0.282568 -0.167944
v -0.257346 0.280391 -0.215904
v -0.215946 0.278213 -0.257305
v -0.167985 0.276036 -0.290887
v -0.114922 0.273859 -0.315631
v -0.058368 0.271682 -0.330784
v -0.000042 0.269505 -0.335887
v -0.000042 0.323387 -0.293466
v 0.050918 0.321210 -0.289008
v 0.100329 0.319033 -0.275768
v 0.146690 0.316856 -0.254149
v 0.188594 0.314679 -0.224808
v 0.224765 0.312502 -0.188637
v 0.254106 0.310325 -0.146734
v 0.275725 0.308148 -0.100372
v 0.288965 0.305971 -0.050961
v 0.293423 0.303794 -0.000001
v 0.288965 0.301617 0.050959
v 0.275725 0.299440 0.100370
v 0.254106 0.297263 0.146732
v 0.224765 0.295086 0.188635
v 0.188594 0.292909 0.224806
v 0.146690 0.290732 0.254147
v 0.100329 0.288554 0.275766
v 0.050918 0.286377 0.289006
v -0.000042 0.284200 0.293464
v -0.051002 0.282023 0.289006
v -0.100413 0.279846 0.275766
v -0.146775 0.277669 0.254147
v -0.188678 0.275492 0.224806
v -0.224849 0.273315 0.188635
v -0.254190 0.271138 0.146732
v -0.275809 0.268961 0.100370
v -0.289049 0.266784 0.050959
v -0.293507 0.264607 -0.000001
v -0.289049 0.262430 -0.050961
v -0.275809 0.260253 -0.100372
v -0.254190 0.258076 -0.146734
v -0.224849 0.255899 -0.188637
v -0.188678 0.253722 -0.224808
v -0.146775 0.251545 -0.254149
v -0.100413 0.249368 -0.275768
v -0.051002 0.247191 -0.289008
v -0.000042 0.245014 -0.293466
v 0.050918 0.301617 -0.289008
v 0.100329 0.299440 -0.275768
v 0.146690 0.297263 -0.254149
v 0.188594 0.295086 -0.224808
v 0.224765 0.292909 -0.188637
v 0.254106 0.290732 -0.146734
v 0.275725 0.288554 -0.100372
v 0.288965 0.286377 -0.050961
v 0.293423 0.284200 -0.000001
v 0.288965 0.282023 0.050959
v 0.275725 0.279846 0.100370
v 0.254106 0.277669 0.146732
v 0.224765 0.275492 0.188635
v 0.188594 0.273315 0.224806
v 0.146690 0.271138 0.254147
v 0.100329 0.268961 0.275766
v 0.050918 0.266784 0.289006
v -0.000042 0.264607 0.293464
v -0.051002 0.262430 0.289006
v -0.100413 0.260253 0.275766
v -0.146775 0.258076 0.254147
v -0.188678 0.255899 0.224806
v -0.224849 0.253722 0.188635
v -0.254190 0.251545 0.146732
v -0.275809 0.249368 0.100370
v -0.289049 0.247191 0.050959
v -0.293507 0.245014 -0.000001
v -0.289049 0.242837 -0.050961
v -0.275809 0.240660 -0.100372
v -0.254190 0.238483 -0.146734
v -0.224849 0.236306 -0.188637
v -0.188678 0.234128 -0.224808
v -0.146775 0.231951 -0.254149
v -0.100413 0.229774 -0.275768
v -0.051002 0.227597 -0.289008
v 0.058284 0.277125 -0.330784
v 0.114838 0.274948 -0.315631
v 0.167901 0.272771 -0.290887
v 0.215861 0.270594 -0.257305
v 0.257262 0.268417 -0.215904
v 0.290844 0.266240 -0.167944
v 0.315588 0.264063 -0.114881
v 0.330741 0.261886 -0.058327
v 0.335844 0.259709 -0.000001
v 0.330741 0.257532 0.058325
v 0.315588 0.255355 0.114879
v 0.290844 0.253178 0.167942
v 0.257262 0.251000 0.215902
v 0.215861 0.248823 0.257303
v 0.167901 0.246646 0.290885
v 0.114838 0.244469 0.315629
v 0.058284 0.242292 0.330782
v -0.000042 0.240115 0.335885
v -0.058368 0.237938 0.330782
v -0.114922 0.235761 0.315629
v -0.167985 0.233584 0.290885
v -0.215946 0.231407 0.257303
v -0.257346 0.229230 0.215902
v -0.290928 0.227053 0.167942
v -0.315672 0.224876 0.114879
v -0.330825 0.222699 0.058325
v -0.335928 0.220522 -0.000001
v -0.330825 0.218345 -0.058327
v -0.315672 0.216168 -0.114881
v -0.290928 0.213991 -0.167944
v -0.257346 0.211814 -0.215904
v -0.215946 0.209637 -0.257305
v -0.167985 0.207460 -0.290887
v -0.114922 0.205283 -0.315631
v -0.058368 0.203106 -0.330784
v -0.000042 0.200929 -0.335887
v 0.058284 0.267328 -0.330784
v 0.114838 0.265151 -0.315631
v 0.167901 0.262974 -0.290887
v 0.215861 0.260797 -0.257305
v 0.257262 0.258620 -0.215904
v 0.290844 0.256443 -0.167944
v 0.315588 0.254266 -0.114881
v 0.330741 0.252089 -0.058327
v 0.335844 0.249912 -0.000001
v 0.330741 0.247735 0.058325
v 0.315588 0.245558 0.114879
v 0.290844 0.243381 0.167942
v 0.257262 0.241204 0.215902
v 0.215861 0.239027 0.257303
v 0.167901 0.236850 0.290885
v 0.114838 0.234673 0.315629
v 0.058284 0.232496 0.330782
v -0.000042 0.230319 0.335885
v -0.058368 0.228142 0.330782
v -0.114922 0.225965 0.315629
v -0.167985 0.223787 0.290885
v -0.215946 0.221610 0.257303
v -0.257346 0.219433 0.215902
v -0.290928 0.217256 0.167942
v -0.315672 0.215079 0.114879
v -0.330825 0.212902 0.058325
v -0.335928 0.210725 -0.000001
v -0.330825 0.208548 -0.058327
v -0.315672 0.206371 -0.114881
v -0.290928 0.204194 -0.167944
v -0.257346 0.202017 -0.215904
v -0.215946 0.199840 -0.257305
v -0.167985 0.197663 -0.290887
v -0.114922 0.195486 -0.315631
v -0.058368 0.193309 -0.330784
v -0.000042 0.191132 -0.335887
v 0.050918 0.242837 -0.289008
v 0.100329 0.240660 -0.275768
v 0.146690 0.238483 -0.254149
v 0.188594 0.236306 -0.224808
v 0.224765 0.234128 -0.188637
v 0.254106 0.231951 -0.146734
v 0.275725 0.229774 -0.100372
v 0.288965 0.227597 -0.050961
v 0.293423 0.225420 -0.000001
v 0.288965 0.223243 0.050959
v 0.275725 0.221066 0.100370
v 0.254106 0.218889 0.146732
v 0.224765 0.216712 0.188635
v 0.188594 0.214535 0.224806
v 0.146690 0.212358 0.254147
v 0.100329 0.210181 0.275766
v 0.050918 0.208004 0.289006
v -0.000042 0.205827 0.293464
v -0.051002 0.203650 0.289006
v -0.100413 0.201473 0.275766
v -0.146775 0.199296 0.254147
v -0.188678 0.197119 0.224806
v -0.224849 0.194942 0.188635
v -0.254190 0.192765 0.146732
v -0.275809 0.190588 0.100370
v -0.289049 0.188411 0.050959
v -0.293507 0.186234 -0.000001
v -0.289049 0.184057 -0.050961
v -0.275809 0.181880 -0.100372
v -0.254190 0.179703 -0.146734
v -0.224849 0.177525 -0.188637
v -0.188678 0.175348 -0.224808
v -0.146775 0.173171 -0.254149
v -0.100413 0.170994 -0.275768
v -0.051002 0.168817 -0.289008
v -0.000042 0.166640 -0.293466
v -0.000042 0.225420 -0.293466
v 0.050918 0.223243 -0.289008
v 0.100329 0.221066 -0.275768
v 0.146690 0.218889 -0.254149
v 0.188594 0.216712 -0.224808
v 0.224765 0.214535 -0.188637
v 0.254106 0.212358 -0.146734
v 0.275725 0.210181 -0.100372
v 0.288965 0.208004 -0.050961
v 0.293423 0.205827 -0.000001
v 0.288965 0.203650 0.050959
v 0.275725 0.201473 0.100370
v 0.254106 0.199296 0.146732
v 0.224765 0.197119 0.188635
v 0.188594 0.194942 0.224806
v 0.146690 0.192765 0.254147
v 0.100329 0.190588 0.275766
v 0.050918 0.188411 0.289006
v -0.000042 0.186234 0.293464
v -0.051002 0.184057 0.289006
v -0.100413 0.181880 0.275766
v -0.146775 0.179703 0.254147
v -0.188678 0.177525 0.224806
v -0.224849 0.175348 0.188635
v -0.254190 0.173171 0.146732
v -0.275809 0.170994 0.100370
v -0.289049 0.168817 0.050959
v -0.293507 0.166640 -0.000001
v -0.289049 0.164463 -0.050961
v -0.275809 0.162286 -0.100372
v -0.254190 0.160109 -0.146734
v -0.224849 0.157932 -0.188637
v -0.188678 0.155755 -0.224808
v -0.146775 0.153578 -0.254149
v -0.100413 0.151401 -0.275768
v -0.051002 0.149224 -0.289008
v 0.058284 0.198752 -0.330784
v 0.114838 0.196575 -0.315631
v 0.167901 0.194397 -0.290887
v 0.215861 0.192220 -0.257305
v 0.257262 0.190043 -0.215904
v 0.290844 0.187866 -0.167944
v 0.315588 0.185689 -0.114881
v 0.330741 0.183512 -0.058327
v 0.335844 0.181335 -0.000001
v 0.330741 0.179158 0.058325
v 0.315588 0.176981 0.114879
v 0.290844 0.174804 0.167942
v 0.257262 0.172627 0.215902
v 0.215861 0.170450 0.257303
v 0.167901 0.168273 0.290885
v 0.114838 0.166096 0.315629
v 0.058284 0.163919 0.330782
v -0.000042 0.161742 0.335885
v -0.058368 0.159565 0.330782
v -0.114922 0.157388 0.315629
v -0.167985 0.155211 0.290885
v -0.215946 0.153034 0.257303
v -0.257346 0.150857 0.215902
v -0.290928 0.148680 0.167942
v -0.315672 0.146503 0.114879
v -0.330825 0.144326 0.058325
v -0.335928 0.142149 -0.000001
v -0.330825 0.139971 -0.058327
v -0.315672 0.137794 -0.114881
v -0.290928 0.135617 -0.167944
v -0.257346 0.133440 -0.215904
v -0.215946 0.131263 -0.257305
v -0.167985 0.129086 -0.290887
v -0.114922 0.126909 -0.315631
v -0.058368 0.124732 -0.330784
v -0.000042 0.122555 -0.335887
v 0.058284 0.188955 -0.330784
v 0.114838 0.186778 -0.315631
v 0.167901 0.184601 -0.290887
v 0.215861 0.182424 -0.257305
v 0.257262 0.180247 -0.215904
v 0.290844 0.178070 -0.167944
v 0.315588 0.175893 -0.114881
v 0.330741 0.173716 -0.058327
v 0.335844 0.171539 -0.000001
v 0.330741 0.169362 0.058325
v 0.315588 0.167184 0.114879
v 0.290844 0.165007 0.167942
v 0.257262 0.162830 0.215902
v 0.215861 0.160653 0.257303
v 0.167901 0.158476 0.290885
v 0.114838 0.156299 0.315629
v 0.058284 0.154122 0.330782
v -0.000042 0.151945 0.335885
v -0.058368 0.149768 0.330782
v -0.114922 0.147591 0.315629
v -0.167985 0.145414 0.290885
v -0.215946 0.143237 0.257303
v -0.257346 0.141060 0.215902
v -0.290928 0.138883 0.167942
v -0.315672 0.136706 0.114879
v -0.330825 0.134529 0.058325
v -0.335928 0.132352 -0.000001
v -0.330825 0.130175 -0.058327
v -0.315672 0.127998 -0.114881
v -0.290928 0.125821 -0.167944
v -0.257346 0.123644 -0.215904
v -0.215946 0.121467 -0.257305
v -0.167985 0.119290 -0.290887
v -0.114922 0.117113 -0.315631
v -0.058368 0.114936 -0.330784
v -0.000042 0.112759 -0.335887
v 0.050918 0.164463 -0.289008
v 0.100329 0.162286 -0.275768
v 0.146690 0.160109 -0.254149
v 0.188594 0.157932 -0.224808
v 0.224765 0.155755 -0.188637
v 0.254106 0.153578 -0.146734
v 0.275725 0.151401 -0.100372
v 0.288965 0.149224 -0.050961
v 0.293423 0.147047 -0.000001
v 0.288965 0.144870 0.050959
v 0.275725 0.142693 0.100370
v 0.254106 0.140516 0.146732
v 0.224765 0.138339 0.188635
v 0.188594 0.136162 0.224806
v 0.146690 0.133985 0.254147
v 0.100329 0.131808 0.275766
v 0.050918 0.129631 0.289006
v -0.000042 0.127454 0.293464
v -0.051002 0.125277 0.289006
v -0.100413 0.123099 0.275766
v -0.146775 0.120922 0.254147
v -0.188678 0.118745 0.224806
v -0.224849 0.116568 0.188635
v -0.254190 0.114391 0.146732
v -0.275809 0.112214 0.100370
v -0.289049 0.110037 0.050959
v -0.293507 0.107860 -0.000001
v -0.289049 0.105683 -0.050961
v -0.275809 0.103506 -0.100372
v -0.254190 0.101329 -0.146734
v -0.224849 0.099152 -0.188637
v -0.188678 0.096975 -0.224808
v -0.146775 0.094798 -0.254149
v -0.100413 0.092621 -0.275768
v -0.051002 0.090444 -0.289008
v -0.000042 0.088267 -0.293466
v -0.000042 0.147047 -0.293466
v 0.050918 0.144870 -0.289008
v 0.100329 0.142693 -0.275768
v 0.146690 0.140516 -0.254149
v 0.188594 0.138339 -0.224808
v 0.224765 0.136162 -0.188637
v 0.254106 0.133985 -0.146734
v 0.275725 0.131808 -0.100372
v 0.288965 0.129631 -0.050961
v 0.293423 0.127454 -0.000001
v 0.288965 0.125277 0.050959
v 0.275725 0.123099 0.100370
v 0.254106 0.120922 0.146732
v 0.224765 0.118745 0.188635
v 0.188594 0.116568 0.224806
v 0.146690 0.114391 0.254147
v 0.100329 0.112214 0.275766
v 0.050918 0.110037 0.289006
v -0.000042 0.107860 0.293464
v -0.051002 0.105683 0.289006
v -0.100413 0.103506 0.275766
v -0.146775 0.101329 0.254147
v -0.188678 0.099152 0.224806
v -0.224849 0.096975 0.188635
v -0.254190 0.094798 0.146732
v -0.275809 0.092621 0.100370
v -0.289049 0.090444 0.050959
v -0.293507 0.088267 -0.000001
v -0.289049 0.086090 -0.050961
v -0.275809 0.083913 -0.100372
v -0.254190 0.081736 -0.146734
v -0.224849 0.079559 -0.188637
v -0.188678 0.077382 -0.224808
v -0.146775 0.075205 -0.254149
v -0.100413 0.073028 -0.275768
v -0.051002 0.070851 -0.289008
v -0.000042 0.068673 -0.293466
v 0.058284 0.120378 -0.330784
v 0.114838 0.118201 -0.315631
v 0.167901 0.116024 -0.290887
v 0.215861 0.113847 -0.257305
v 0.257262 0.111670 -0.215904
v 0.290844 0.109493 -0.167944
v 0.315588 0.107316 -0.114881
v 0.330741 0.105139 -0.058327
v 0.335844 0.102962 -0.000001
v 0.330741 0.100785 0.058325
v 0.315588 0.098608 0.114879
v 0.290844 0.096431 0.167942
v 0.257262 0.094254 0.215902
v 0.215861 0.092077 0.257303
v 0.167901 0.089900 0.290885
v 0.114838 0.087723 0.315629
v 0.058284 0.085546 0.330782
v -0.000042 0.083369 0.335885
v -0.058368 0.081191 0.330782
v -0.114922 0.079014 0.315629
v -0.167985 0.076837 0.290885
v -0.215946 0.074660 0.257303
v -0.257346 0.072483 0.215902
v -0.290928 0.070306 0.167942
v -0.315672 0.068129 0.114879
v -0.330825 0.065952 0.058325
v -0.335928 0.063775 -0.000001
v -0.330825 0.061598 -0.058327
v -0.315672 0.059421 -0.114881
v -0.290928 0.057244 -0.167944
v -0.257346 0.055067 -0.215904
v -0.215946 0.052890 -0.257305
v -0.167985 0.050713 -0.290887
v -0.114922 0.048536 -0.315631
v -0.058368 0.046359 -0.330784
v 0.058284 0.110581 -0.330784
v 0.114838 0.108404 -0.315631
v 0.167901 0.106227 -0.290887
v 0.215861 0.104050 -0.257305
v 0.257262 0.101873 -0.215904
v 0.290844 0.099696 -0.167944
v 0.315588 0.097519 -0.114881
v 0.330741 0.095342 -0.058327
v 0.335844 0.093165 -0.000001
v 0.330741 0.090988 0.058325
v 0.315588 0.088811 0.114879
v 0.290844 0.086634 0.167942
v 0.257262 0.084457 0.215902
v 0.215861 0.082280 0.257303
v 0.167901 0.080103 0.290885
v 0.114838 0.077926 0.315629
v 0.058284 0.075749 0.330782
v -0.000042 0.073572 0.335885
v -0.058368 0.071395 0.330782
v -0.114922 0.069218 0.315629
v -0.167985 0.067041 0.290885
v -0.215946 0.064864 0.257303
v -0.257346 0.062687 0.215902
v -0.290928 0.060510 0.167942
v -0.315672 0.058333 0.114879
v -0.330825 0.056156 0.058325
v -0.335928 0.053978 -0.000001
v -0.330825 0.051801 -0.058327
v -0.315672 0.049624 -0.114881
v -0.290928 0.047447 -0.167944
v -0.257346 0.045270 -0.215904
v -0.215946 0.043093 -0.257305
v -0.167985 0.040916 -0.290887
v -0.114922 0.038739 -0.315631
v -0.058368 0.036562 -0.330784
v 0.050918 0.086090 -0.289008
v 0.100329 0.083913 -0.275768
v 0.146690 0.081736 -0.254149
v 0.188594 0.079559 -0.224808
v 0.224765 0.077382 -0.188637
v 0.254106 0.075205 -0.146734
v 0.275725 0.073028 -0.100372
v 0.288965 0.070851 -0.050961
v 0.293423 0.068673 -0.000001
v 0.288965 0.066496 0.050959
v 0.275725 0.064319 0.100370
v 0.254106 0.062142 0.146732
v 0.224765 0.059965 0.188635
v 0.188594 0.057788 0.224806
v 0.146690 0.055611 0.254147
v 0.100329 0.053434 0.275766
v 0.050918 0.051257 0.289006
v -0.000042 0.049080 0.293464
v -0.051002 0.046903 0.289006
v -0.100413 0.044726 0.275766
v -0.146775 0.042549 0.254147
v -0.188678 0.040372 0.224806
v -0.224849 0.038195 0.188635
v -0.254190 0.036018 0.146732
v -0.275809 0.033841 0.100370
v -0.289049 0.031664 0.050959
v -0.293507 0.029487 -0.000001
v -0.289049 0.027310 -0.050961
v -0.275809 0.025133 -0.100372
v -0.254190 0.022956 -0.146734
v -0.224849 0.020779 -0.188637
v -0.188678 0.018602 -0.224808
v -0.146775 0.016425 -0.254149
v -0.100413 0.014248 -0.275768
v -0.051002 0.012070 -0.289008
v 0.050918 0.066496 -0.289008
v 0.100329 0.064319 -0.275768
v 0.146690 0.062142 -0.254149
v 0.188594 0.059965 -0.224808
v 0.224765 0.057788 -0.188637
v 0.254106 0.055611 -0.146734
v 0.275725 0.053434 -0.100372
v 0.288965 0.051257 -0.050961
v 0.293423 0.049080 -0.000001
v 0.288965 0.046903 0.050959
v 0.275725 0.044726 0.100370
v 0.254106 0.042549 0.146732
v 0.224765 0.040372 0.188635
v 0.188594 0.038195 0.224806
v 0.146690 0.036018 0.254147
v 0.100329 0.033841 0.275766
v 0.050918 0.031664 0.289006
v -0.000042 0.029487 0.293464
v -0.051002 0.027310 0.289006
v -0.100413 0.025133 0.275766
v -0.146775 0.022956 0.254147
v -0.188678 0.020779 0.224806
v -0.224849 0.018602 0.188635
v -0.254190 0.016425 0.146732
v -0.275809 0.014248 0.100370
v -0.289049 0.012070 0.050959
v -0.293507 0.009893 -0.000001
v -0.289049 0.007716 -0.050961
v -0.275809 0.005539 -0.100372
v -0.254190 0.003362 -0.146734
v -0.224849 0.001185 -0.188637
v -0.188678 -0.000992 -0.224808
v -0.146775 -0.003169 -0.254149
v -0.100413 -0.005346 -0.275768
v -0.051002 -0.007523 -0.289008
v -0.000042 -0.009700 -0.293466
v -0.000042 0.044182 -0.335887
v 0.058284 0.042005 -0.330784
v 0.114838 0.039828 -0.315631
v 0.167901 0.037651 -0.290887
v 0.215861 0.035474 -0.257305
v 0.257262 0.033297 -0.215904
v 0.290844 0.031120 -0.167944
v 0.315588 0.028943 -0.114881
v 0.330741 0.026765 -0.058327
v 0.335844 0.024588 -0.000001
v 0.330741 0.022411 0.058325
v 0.315588 0.020234 0.114879
v 0.290844 0.018057 0.167942
v 0.257262 0.015880 0.215902
v 0.215861 0.013703 0.257303
v 0.167901 0.011526 0.290885
v 0.114838 0.009349 0.315629
v 0.058284 0.007172 0.330782
v -0.000042 0.004995 0.335885
v -0.058368 0.002818 0.330782
v -0.114922 0.000641 0.315629
v -0.167985 -0.001536 0.290885
v -0.215946 -0.003713 0.257303
v -0.257346 -0.005890 0.215902
v -0.290928 -0.008067 0.167942
v -0.315672 -0.010244 0.114879
v -0.330825 -0.012421 0.058325
v -0.335928 -0.014598 -0.000001
v -0.330825 -0.016775 -0.058327
v -0.315672 -0.018952 -0.114881
v -0.290928 -0.021129 -0.167944
v -0.257346 -0.023306 -0.215904
v -0.215946 -0.025483 -0.257305
v -0.167985 -0.027660 -0.290887
v -0.114922 -0.029838 -0.315631
v -0.058368 -0.032015 -0.330784
v -0.000042 -0.034192 -0.335887
v -0.000042 0.034385 -0.335887
v 0.058284 0.032208 -0.330784
v 0.114838 0.030031 -0.315631
v 0.167901 0.027854 -0.290887
v 0.215861 0.025677 -0.257305
v 0.257262 0.023500 -0.215904
v 0.290844 0.021323 -0.167944
v 0.315588 0.019146 -0.114881
v 0.330741 0.016969 -0.058327
v 0.335844 0.014792 -0.000001
v 0.330741 0.012615 0.058325
v 0.315588 0.010438 0.114879
v 0.290844 0.008261 0.167942
v 0.257262 0.006084 0.215902
v 0.215861 0.003907 0.257303
v 0.167901 0.001730 0.290885
v 0.114838 -0.000448 0.315629
v 0.058284 -0.002625 0.330782
v -0.000042 -0.004802 0.335885
v -0.058368 -0.006979 0.330782
v -0.114922 -0.009156 0.315629
v -0.167985 -0.011333 0.290885
v -0.215946 -0.013510 0.257303
v -0.257346 -0.015687 0.215902
v -0.290928 -0.017864 0.167942
v -0.315672 -0.020041 0.114879
v -0.330825 -0.022218 0.058325
v -0.335928 -0.024395 -0.000001
v -0.330825 -0.026572 -0.058327
v -0.315672 -0.028749 -0.114881
v -0.290928 -0.030926 -0.167944
v -0.257346 -0.033103 -0.215904
v -0.215946 -0.035280 -0.257305
v -0.167985 -0.037457 -0.290887
v -0.114922 -0.039634 -0.315631
v -0.058368 -0.041811 -0.330784
v -0.000042 0.009893 -0.293466
v 0.050918 0.007716 -0.289008
v 0.100329 0.005539 -0.275768
v 0.146690 0.003362 -0.254149
v 0.188594 0.001185 -0.224808
v 0.224765 -0.000992 -0.188637
v 0.254106 -0.003169 -0.146734
v 0.275725 -0.005346 -0.100372
v 0.288965 -0.007523 -0.050961
v 0.293423 -0.009700 -0.000001
v 0.288965 -0.011877 0.050959
v 0.275725 -0.014054 0.100370
v 0.254106 -0.016231 0.146732
v 0.224765 -0.018408 0.188635
v 0.188594 -0.020585 0.224806
v 0.146690 -0.022762 0.254147
v 0.100329 -0.024939 0.275766
v 0.050918 -0.027116 0.289006
v -0.000042 -0.029293 0.293464
v -0.051002 -0.031470 0.289006
v -0.100413 -0.033647 0.275766
v -0.146775 -0.035824 0.254147
v -0.188678 -0.038001 0.224806
v -0.224849 -0.040178 0.188635
v -0.254190 -0.042356 0.146732
v -0.275809 -0.044533 0.100370
v -0.289049 -0.046710 0.050959
v -0.293507 -0.048887 -0.000001
v -0.289049 -0.051064 -0.050961
v -0.275809 -0.053241 -0.100372
v -0.254190 -0.055418 -0.146734
v -0.224849 -0.057595 -0.188637
v -0.188678 -0.059772 -0.224808
v -0.146775 -0.061949 -0.254149
v -0.100413 -0.064126 -0.275768
v -0.051002 -0.066303 -0.289008
v -0.000042 -0.068480 -0.293466
v 0.050918 -0.011877 -0.289008
v 0.100329 -0.014054 -0.275768
v 0.146690 -0.016231 -0.254149
v 0.188594 -0.018408 -0.224808
v 0.224765 -0.020585 -0.188637
v 0.254106 -0.022762 -0.146734
v 0.275725 -0.024939 -0.100372
v 0.288965 -0.027116 -0.050961
v 0.293423 -0.029293 -0.000001
v 0.288965 -0.031470 0.050959
v 0.275725 -0.033647 0.100370
v 0.254106 -0.035824 0.146732
v 0.224765 -0.038001 0.188635
v 0.188594 -0.040178 0.224806
v 0.146690 -0.042356 0.254147
v 0.100329 -0.044533 0.275766
v 0.050918 -0.046710 0.289006
v -0.000042 -0.048887 0.293464
v -0.051002 -0.051064 0.289006
v -0.100413 -0.053241 0.275766
v -0.146775 -0.055418 0.254147
v -0.188678 -0.057595 0.224806
v -0.224849 -0.059772 0.188635
v -0.254190 -0.061949 0.146732
v -0.275809 -0.064126 0.100370
v -0.289049 -0.066303 0.050959
v -0.293507 -0.068480 -0.000001
v -0.289049 -0.070657 -0.050961
v -0.275809 -0.072834 -0.100372
v -0.254190 -0.075011 -0.146734
v -0.224849 -0.077188 -0.188637
v -0.188678 -0.079365 -0.224808
v -0.146775 -0.081542 -0.254149
v -0.100413 -0.083719 -0.275768
v -0.051002 -0.085896 -0.289008
v -0.000042 -0.088073 -0.293466
v 0.058284 -0.036369 -0.330784
v 0.114838 -0.038546 -0.315631
v 0.167901 -0.040723 -0.290887
v 0.215861 -0.042900 -0.257305
v 0.257262 -0.045077 -0.215904
v 0.290844 -0.047254 -0.167944
v 0.315588 -0.049431 -0.114881
v 0.330741 -0.051608 -0.058327
v 0.335844 -0.053785 -0.000001
v 0.330741 -0.055962 0.058325
v 0.315588 -0.058139 0.114879
v 0.290844 -0.060316 0.167942
v 0.257262 -0.062493 0.215902
v 0.215861 -0.064670 0.257303
v 0.167901 -0.066847 0.290885
v 0.114838 -0.069024 0.315629
v 0.058284 -0.071201 0.330782
v -0.000042 -0.073378 0.335885
v -0.058368 -0.075555 0.330782
v -0.114922 -0.077732 0.315629
v -0.167985 -0.079909 0.290885
v -0.215946 -0.082086 0.257303
v -0.257346 -0.084264 0.215902
v -0.290928 -0.086441 0.167942
v -0.315672 -0.088618 0.114879
v -0.330825 -0.090795 0.058325
v -0.335928 -0.092972 -0.000001
v -0.330825 -0.095149 -0.058327
v -0.315672 -0.097326 -0.114881
v -0.290928 -0.099503 -0.167944
v -0.257346 -0.101680 -0.215904
v -0.215946 -0.103857 -0.257305
v -0.167985 -0.106034 -0.290887
v -0.114922 -0.108211 -0.315631
v -0.058368 -0.110388 -0.330784
v -0.000042 -0.112565 -0.335887
v -0.000042 -0.043988 -0.335887
v 0.058284 -0.046165 -0.330784
v 0.114838 -0.048342 -0.315631
v 0.167901 -0.050519 -0.290887
v 0.215861 -0.052696 -0.257305
v 0.257262 -0.054873 -0.215904
v 0.290844 -0.057051 -0.167944
v 0.315588 -0.059228 -0.114881
v 0.330741 -0.061405 -0.058327
v 0.335844 -0.063582 -0.000001
v 0.330741 -0.065759 0.058325
v 0.315588 -0.067936 0.114879
v 0.290844 -0.070113 0.167942
v 0.257262 -0.072290 0.215902
v 0.215861 -0.074467 0.257303
v 0.167901 -0.076644 0.290885
v 0.114838 -0.078821 0.315629
v 0.058284 -0.080998 0.330782
v -0.000042 -0.083175 0.335885
v -0.058368 -0.085352 0.330782
v -0.114922 -0.087529 0.315629
v -0.167985 -0.089706 0.290885
v -0.215946 -0.091883 0.257303
v -0.257346 -0.094060 0.215902
v -0.290928 -0.096237 0.167942
v -0.315672 -0.098414 0.114879
v -0.330825 -0.100591 0.058325
v -0.335928 -0.102768 -0.000001
v -0.330825 -0.104945 -0.058327
v -0.315672 -0.107122 -0.114881
v -0.290928 -0.109299 -0.167944
v -0.257346 -0.111476 -0.215904
v -0.215946 -0.113654 -0.257305
v -0.167985 -0.115831 -0.290887
v -0.114922 -0.118008 -0.315631
v -0.058368 -0.120185 -0.330784
v -0.000042 -0.122362 -0.335887
v 0.050918 -0.070657 -0.289008
v 0.100329 -0.072834 -0.275768
v 0.146690 -0.075011 -0.254149
v 0.188594 -0.077188 -0.224808
v 0.224765 -0.079365 -0.188637
v 0.254106 -0.081542 -0.146734
v 0.275725 -0.083719 -0.100372
v 0.288965 -0.085896 -0.050961
v 0.293423 -0.088073 -0.000001
v 0.288965 -0.090250 0.050959
v 0.275725 -0.092427 0.100370
v 0.254106 -0.094604 0.146732
v 0.224765 -0.096781 0.188635
v 0.188594 -0.098959 0.224806
v 0.146690 -0.101136 0.254147
v 0.100329 -0.103313 0.275766
v 0.050918 -0.105490 0.289006
v -0.000042 -0.107667 0.293464
v -0.051002 -0.109844 0.289006
v -0.100413 -0.112021 0.275766
v -0.146775 -0.114198 0.254147
v -0.188678 -0.116375 0.224806
v -0.224849 -0.118552 0.188635
v -0.254190 -0.120729 0.146732
v -0.275809 -0.122906 0.100370
v -0.289049 -0.125083 0.050959
v -0.293507 -0.127260 -0.000001
v -0.289049 -0.129437 -0.050961
v -0.275809 -0.131614 -0.100372
v -0.254190 -0.133791 -0.146734
v -0.224849 -0.135968 -0.188637
v -0.188678 -0.138145 -0.224808
v -0.146775 -0.140322 -0.254149
v -0.100413 -0.142499 -0.275768
v -0.051002 -0.144676 -0.289008
v -0.000042 -0.146853 -0.293466
v 0.050918 -0.090250 -0.289008
v 0.100329 -0.092427 -0.275768
v 0.146690 -0.094604 -0.254149
v 0.188594 -0.096781 -0.224808
v 0.224765 -0.098959 -0.188637
v 0.254106 -0.101136 -0.146734
v 0.275725 -0.103313 -0.100372
v 0.288965 -0.105490 -0.050961
v 0.293423 -0.107667 -0.000001
v 0.288965 -0.109844 0.050959
v 0.275725 -0.112021 0.100370
v 0.254106 -0.114198 0.146732
v 0.224765 -0.116375 0.188635
v 0.188594 -0.118552 0.224806
v 0.146690 -0.120729 0.254147
v 0.100329 -0.122906 0.275766
v 0.050918 -0.125083 0.289006
v -0.000042 -0.127260 0.293464
v -0.051002 -0.129437 0.289006
v -0.100413 -0.131614 0.275766
v -0.146775 -0.133791 0.254147
v -0.188678 -0.135968 0.224806
v -0.224849 -0.138145 0.188635
v -0.254190 -0.140322 0.146732
v -0.275809 -0.142499 0.100370
v -0.289049 -0.144676 0.050959
v -0.293507 -0.146853 -0.000001
v -0.289049 -0.149030 -0.050961
v -0.275809 -0.151207 -0.100372
v -0.254190 -0.153385 -0.146734
v -0.224849 -0.155562 -0.188637
v -0.188678 -0.157739 -0.224808
v -0.146775 -0.159916 -0.254149
v -0.100413 -0.162093 -0.275768
v -0.051002 -0.164270 -0.289008
v -0.000042 -0.166447 -0.293466
v 0.058284 -0.114742 -0.330784
v 0.114838 -0.116919 -0.315631
v 0.167901 -0.119096 -0.290887
v 0.215861 -0.121273 -0.257305
v 0.257262 -0.123450 -0.215904
v 0.290844 -0.125627 -0.167944
v 0.315588 -0.127804 -0.114881
v 0.330741 -0.129981 -0.058327
v 0.335844 -0.132158 -0.000001
v 0.330741 -0.134335 0.058325
v 0.315588 -0.136512 0.114879
v 0.290844 -0.138689 0.167942
v 0.257262 -0.140867 0.215902
v 0.215861 -0.143044 0.257303
v 0.167901 -0.145221 0.290885
v 0.114838 -0.147398 0.315629
v 0.058284 -0.149575 0.330782
v -0.000042 -0.151752 0.335885
v -0.058368 -0.153929 0.330782
v -0.114922 -0.156106 0.315629
v -0.167985 -0.158283 0.290885
v -0.215946 -0.160460 0.257303
v -0.257346 -0.162637 0.215902
v -0.290928 -0.164814 0.167942
v -0.315672 -0.166991 0.114879
v -0.330825 -0.169168 0.058325
v -0.335928 -0.171345 -0.000001
v -0.330825 -0.173522 -0.058327
v -0.315672 -0.175699 -0.114881
v -0.290928 -0.177876 -0.167944
v -0.257346 -0.180053 -0.215904
v -0.215946 -0.182230 -0.257305
v -0.167985 -0.184407 -0.290887
v -0.114922 -0.186584 -0.315631
v -0.058368 -0.188761 -0.330784
v 0.058284 -0.124539 -0.330784
v 0.114838 -0.126716 -0.315631
v 0.167901 -0.128893 -0.290887
v 0.215861 -0.131070 -0.257305
v 0.257262 -0.133247 -0.215904
v 0.290844 -0.135424 -0.167944
v 0.315588 -0.137601 -0.114881
v 0.330741 -0.139778 -0.058327
v 0.335844 -0.141955 -0.000001
v 0.330741 -0.144132 0.058325
v 0.315588 -0.146309 0.114879
v 0.290844 -0.148486 0.167942
v 0.257262 -0.150663 0.215902
v 0.215861 -0.152840 0.257303
v 0.167901 -0.155017 0.290885
v 0.114838 -0.157194 0.315629
v 0.058284 -0.159371 0.330782
v -0.000042 -0.161548 0.335885
v -0.058368 -0.163725 0.330782
v -0.114922 -0.165902 0.315629
v -0.167985 -0.168080 0.290885
v -0.215946 -0.170257 0.257303
v -0.257346 -0.172434 0.215902
v -0.290928 -0.174611 0.167942
v -0.315672 -0.176788 0.114879
v -0.330825 -0.178965 0.058325
v -0.335928 -0.181142 -0.000001
v -0.330825 -0.183319 -0.058327
v -0.315672 -0.185496 -0.114881
v -0.290928 -0.187673 -0.167944
v -0.257346 -0.189850 -0.215904
v -0.215946 -0.192027 -0.257305
v -0.167985 -0.194204 -0.290887
v -0.114922 -0.196381 -0.315631
v -0.058368 -0.198558 -0.330784
v -0.000042 -0.200735 -0.335887
v 0.050918 -0.149030 -0.289008
v 0.100329 -0.151207 -0.275768
v 0.146690 -0.153385 -0.254149
v 0.188594 -0.155562 -0.224808
v 0.224765 -0.157739 -0.188637
v 0.254106 -0.159916 -0.146734
v 0.275725 -0.162093 -0.100372
v 0.288965 -0.164270 -0.050961
v 0.293423 -0.166447 -0.000001
v 0.288965 -0.168624 0.050959
v 0.275725 -0.170801 0.100370
v 0.254106 -0.172978 0.146732
v 0.224765 -0.175155 0.188635
v 0.188594 -0.177332 0.224806
v 0.146690 -0.179509 0.254147
v 0.100329 -0.181686 0.275766
v 0.050918 -0.183863 0.289006
v -0.000042 -0.186040 0.293464
v -0.051002 -0.188217 0.289006
v -0.100413 -0.190394 0.275766
v -0.146775 -0.192571 0.254147
v -0.188678 -0.194748 0.224806
v -0.224849 -0.196925 0.188635
v -0.254190 -0.199102 0.146732
v -0.275809 -0.201279 0.100370
v -0.289049 -0.203456 0.050959
v -0.293507 -0.205633 -0.000001
v -0.289049 -0.207810 -0.050961
v -0.275809 -0.209988 -0.100372
v -0.254190 -0.212165 -0.146734
v -0.224849 -0.214342 -0.188637
v -0.188678 -0.216519 -0.224808
v -0.146775 -0.218696 -0.254149
v -0.100413 -0.220873 -0.275768
v -0.051002 -0.223050 -0.289008
v -0.000042 -0.225227 -0.293466
v 0.050918 -0.168624 -0.289008
v 0.100329 -0.170801 -0.275768
v 0.146690 -0.172978 -0.254149
v 0.188594 -0.175155 -0.224808
v 0.224765 -0.177332 -0.188637
v 0.254106 -0.179509 -0.146734
v 0.275725 -0.181686 -0.100372
v 0.288965 -0.183863 -0.050961
v 0.293423 -0.186040 -0.000001
v 0.288965 -0.188217 0.050959
v 0.275725 -0.190394 0.100370
v 0.254106 -0.192571 0.146732
v 0.224765 -0.194748 0.188635
v 0.188594 -0.196925 0.224806
v 0.146690 -0.199102 0.254147
v 0.100329 -0.201279 0.275766
v 0.050918 -0.203456 0.289006
v -0.000042 -0.205633 0.293464
v -0.051002 -0.207810 0.289006
v -0.100413 -0.209988 0.275766
v -0.146775 -0.212165 0.254147
v -0.188678 -0.214342 0.224806
v -0.224849 -0.216519 0.188635
v -0.254190 -0.218696 0.146732
v -0.275809 -0.220873 0.100370
v -0.289049 -0.223050 0.050959
v -0.293507 -0.225227 -0.000001
v -0.289049 -0.227404 -0.050961
v -0.275809 -0.229581 -0.100372
v -0.254190 -0.231758 -0.146734
v -0.224849 -0.233935 -0.188637
v -0.188678 -0.236112 -0.224808
v -0.146775 -0.238289 -0.254149
v -0.100413 -0.240466 -0.275768
v -0.051002 -0.242643 -0.289008
v -0.000042 -0.244820 -0.293466
v -0.000042 -0.190938 -0.335887
v 0.058284 -0.193115 -0.330784
v 0.114838 -0.195293 -0.315631
v 0.167901 -0.197470 -0.290887
v 0.215861 -0.199647 -0.257305
v 0.257262 -0.201824 -0.215904
v 0.290844 -0.204001 -0.167944
v 0.315588 -0.206178 -0.114881
v 0.330741 -0.208355 -0.058327
v 0.335844 -0.210532 -0.000001
v 0.330741 -0.212709 0.058325
v 0.315588 -0.214886 0.114879
v 0.290844 -0.217063 0.167942
v 0.257262 -0.219240 0.215902
v 0.215861 -0.221417 0.257303
v 0.167901 -0.223594 0.290885
v 0.114838 -0.225771 0.315629
v 0.058284 -0.227948 0.330782
v -0.000042 -0.230125 0.335885
v -0.058368 -0.232302 0.330782
v -0.114922 -0.234479 0.315629
v -0.167985 -0.236656 0.290885
v -0.215946 -0.238833 0.257303
v -0.257346 -0.241010 0.215902
v -0.290928 -0.243187 0.167942
v -0.315672 -0.245364 0.114879
v -0.330825 -0.247541 0.058325
v -0.335928 -0.249719 -0.000001
v -0.330825 -0.251896 -0.058327
v -0.315672 -0.254073 -0.114881
v -0.290928 -0.256250 -0.167944
v -0.257346 -0.258427 -0.215904
v -0.215946 -0.260604 -0.257305
v -0.167985 -0.262781 -0.290887
v -0.114922 -0.264958 -0.315631
v -0.058368 -0.267135 -0.330784
v -0.000042 -0.269312 -0.335887
v 0.058284 -0.202912 -0.330784
v 0.114838 -0.205089 -0.315631
v 0.167901 -0.207266 -0.290887
v 0.215861 -0.209443 -0.257305
v 0.257262 -0.211620 -0.215904
v 0.290844 -0.213797 -0.167944
v 0.315588 -0.215974 -0.114881
v 0.330741 -0.218151 -0.058327
v 0.335844 -0.220328 -0.000001
v 0.330741 -0.222505 0.058325
v 0.315588 -0.224683 0.114879
v 0.290844 -0.226860 0.167942
v 0.257262 -0.229037 0.215902
v 0.215861 -0.231214 0.257303
v 0.167901 -0.233391 0.290885
v 0.114838 -0.235568 0.315629
v 0.058284 -0.237745 0.330782
v -0.000042 -0.239922 0.335885
v -0.058368 -0.242099 0.330782
v -0.114922 -0.244276 0.315629
v -0.167985 -0.246453 0.290885
v -0.215946 -0.248630 0.257303
v -0.257346 -0.250807 0.215902
v -0.290928 -0.252984 0.167942
v -0.315672 -0.255161 0.114879
v -0.330825 -0.257338 0.058325
v -0.335928 -0.259515 -0.000001
v -0.330825 -0.261692 -0.058327
v -0.315672 -0.263869 -0.114881
v -0.290928 -0.266046 -0.167944
v -0.257346 -0.268223 -0.215904
v -0.215946 -0.270400 -0.257305
v -0.167985 -0.272577 -0.290887
v -0.114922 -0.274754 -0.315631
v -0.058368 -0.276931 -0.330784
v -0.000042 -0.279109 -0.335887
v 0.050918 -0.227404 -0.289008
v 0.100329 -0.229581 -0.275768
v 0.146690 -0.231758 -0.254149
v 0.188594 -0.233935 -0.224808
v 0.224765 -0.236112 -0.188637
v 0.254106 -0.238289 -0.146734
v 0.275725 -0.240466 -0.100372
v 0.288965 -0.242643 -0.050961
v 0.293423 -0.244820 -0.000001
v 0.288965 -0.246997 0.050959
v 0.275725 -0.249174 0.100370
v 0.254106 -0.251351 0.146732
v 0.224765 -0.253528 0.188635
v 0.188594 -0.255705 0.224806
v 0.146690 -0.257882 0.254147
v 0.100329 -0.260059 0.275766
v 0.050918 -0.262237 0.289006
v -0.000042 -0.264414 0.293464
v -0.051002 -0.266591 0.289006
v -0.100413 -0.268768 0.275766
v -0.146775 -0.270945 0.254147
v -0.188678 -0.273122 0.224806
v -0.224849 -0.275299 0.188635
v -0.254190 -0.277476 0.146732
v -0.275809 -0.279653 0.100370
v -0.289049 -0.281830 0.050959
v -0.293507 -0.284007 -0.000001
v -0.289049 -0.286184 -0.050961
v -0.275809 -0.288361 -0.100372
v -0.254190 -0.290538 -0.146734
v -0.224849 -0.292715 -0.188637
v -0.188678 -0.294892 -0.224808
v -0.146775 -0.297069 -0.254149
v -0.100413 -0.299246 -0.275768
v -0.051002 -0.301423 -0.289008
v -0.000042 -0.303600 -0.293466
v 0.050918 -0.246997 -0.289008
v 0.100329 -0.249174 -0.275768
v 0.146690 -0.251351 -0.254149
v 0.188594 -0.253528 -0.224808
v 0.224765 -0.255705 -0.188637
v 0.254106 -0.257882 -0.146734
v 0.275725 -0.260059 -0.100372
v 0.288965 -0.262237 -0.050961
v 0.293423 -0.264414 -0.000001
v 0.288965 -0.266591 0.050959
v 0.275725 -0.268768 0.100370
v 0.254106 -0.270945 0.146732
v 0.224765 -0.273122 0.188635
v 0.188594 -0.275299 0.224806
v 0.146690 -0.277476 0.254147
v 0.100329 -0.279653 0.275766
v 0.050918 -0.281830 0.289006
v -0.000042 -0.284007 0.293464
v -0.051002 -0.286184 0.289006
v -0.100413 -0.288361 0.275766
v -0.146775 -0.290538 0.254147
v -0.188678 -0.292715 0.224806
v -0.224849 -0.294892 0.188635
v -0.254190 -0.297069 0.146732
v -0.275809 -0.299246 0.100370
v -0.289049 -0.301423 0.050959
v -0.293507 -0.303600 -0.000001
v -0.289049 -0.305777 -0.050961
v -0.275809 -0.307954 -0.100372
v -0.254190 -0.310131 -0.146734
v -0.224849 -0.312308 -0.188637
v -0.188678 -0.314485 -0.224808
v -0.146775 -0.316662 -0.254149
v -0.100413 -0.318839 -0.275768
v -0.051002 -0.321017 -0.289008
v -0.000042 -0.323194 -0.293466
v 0.058284 -0.271489 -0.330784
v 0.114838 -0.273666 -0.315631
v 0.167901 -0.275843 -0.290887
v 0.215861 -0.278020 -0.257305
v 0.257262 -0.280197 -0.215904
v 0.290844 -0.282374 -0.167944
v 0.315588 -0.284551 -0.114881
v 0.330741 -0.286728 -0.058327
v 0.335844 -0.288905 -0.000001
v 0.330741 -0.291082 0.058325
v 0.315588 -0.293259 0.114879
v 0.290844 -0.295436 0.167942
v 0.257262 -0.297613 0.215902
v 0.215861 -0.299790 0.257303
v 0.167901 -0.301967 0.290885
v 0.114838 -0.304145 0.315629
v 0.058284 -0.306322 0.330782
v -0.000042 -0.308499 0.335885
v -0.058368 -0.310676 0.330782
v -0.114922 -0.312853 0.315629
v -0.167985 -0.315030 0.290885
v -0.215946 -0.317207 0.257303
v -0.257346 -0.319384 0.215902
v -0.290928 -0.321561 0.167942
v -0.315672 -0.323738 0.114879
v -0.330825 -0.325915 0.058325
v -0.335928 -0.328092 -0.000001
v -0.330825 -0.330269 -0.058327
v -0.315672 -0.332446 -0.114881
v -0.290928 -0.334623 -0.167944
v -0.257346 -0.336800 -0.215904
v -0.215946 -0.338977 -0.257305
v -0.167985 -0.341154 -0.290887
v -0.114922 -0.343331 -0.315631
v -0.058368 -0.345508 -0.330784
v -0.000042 -0.347685 -0.335887
v 0.058284 -0.281286 -0.330784
v 0.114838 -0.283463 -0.315631
v 0.167901 -0.285640 -0.290887
v 0.215861 -0.287817 -0.257305
v 0.257262 -0.289994 -0.215904
v 0.290844 -0.292171 -0.167944
v 0.315588 -0.294348 -0.114881
v 0.330741 -0.296525 -0.058327
v 0.335844 -0.298702 -0.000001
v 0.330741 -0.300879 0.058325
v 0.315588 -0.303056 0.114879
v 0.290844 -0.305233 0.167942
v 0.257262 -0.307410 0.215902
v 0.215861 -0.309587 0.257303
v 0.167901 -0.311764 0.290885
v 0.114838 -0.313941 0.315629
v 0.058284 -0.316118 0.330782
v -0.000042 -0.318295 0.335885
v -0.058368 -0.320472 0.330782
v -0.114922 -0.322649 0.315629
v -0.167985 -0.324826 0.290885
v -0.215946 -0.327003 0.257303
v -0.257346 -0.329180 0.215902
v -0.290928 -0.331357 0.167942
v -0.315672 -0.333535 0.114879
v -0.330825 -0.335712 0.058325
v -0.335928 -0.337889 -0.000001
v -0.330825 -0.340066 -0.058327
v -0.315672 -0.342243 -0.114881
v -0.290928 -0.344420 -0.167944
v -0.257346 -0.346597 -0.215904
v -0.215946 -0.348774 -0.257305
v -0.167985 -0.350951 -0.290887
v -0.114922 -0.353128 -0.315631
v -0.058368 -0.355305 -0.330784
v -0.000042 -0.357482 -0.335887
v 0.050918 -0.305777 -0.289008
v 0.100329 -0.307954 -0.275768
v 0.146690 -0.310131 -0.254149
v 0.188594 -0.312308 -0.224808
v 0.224765 -0.314485 -0.188637
v 0.254106 -0.316662 -0.146734
v 0.275725 -0.318839 -0.100372
v 0.288965 -0.321017 -0.050961
v 0.293423 -0.323194 -0.000001
v 0.288965 -0.325371 0.050959
v 0.275725 -0.327548 0.100370
v 0.254106 -0.329725 0.146732
v 0.224765 -0.331902 0.188635
v 0.188594 -0.334079 0.224806
v 0.146690 -0.336256 0.254147
v 0.100329 -0.338433 0.275766
v 0.050918 -0.340610 0.289006
v -0.000042 -0.342787 0.293464
v -0.051002 -0.344964 0.289006
v -0.100413 -0.347141 0.275766
v -0.146775 -0.349318 0.254147
v -0.188678 -0.351495 0.224806
v -0.224849 -0.353672 0.188635
v -0.254190 -0.355849 0.146732
v -0.275809 -0.358026 0.100370
v -0.289049 -0.360203 0.050959
v -0.293507 -0.362380 -0.000001
v -0.289049 -0.364557 -0.050961
v -0.275809 -0.366734 -0.100372
v -0.254190 -0.368911 -0.146734
v -0.224849 -0.371088 -0.188637
v -0.188678 -0.373265 -0.224808
v -0.146775 -0.375443 -0.254149
v -0.100413 -0.377620 -0.275768
v -0.051002 -0.379797 -0.289008
v -0.000042 -0.381974 -0.293466
v 0.050918 -0.325371 -0.289008
v 0.100329 -0.327548 -0.275768
v 0.146690 -0.329725 -0.254149
v 0.188594 -0.331902 -0.224808
v 0.224765 -0.334079 -0.188637
v 0.254106 -0.336256 -0.146734
v 0.275725 -0.338433 -0.100372
v 0.288965 -0.340610 -0.050961
v 0.293423 -0.342787 -0.000001
v 0.288965 -0.344964 0.050959
v 0.275725 -0.347141 0.100370
v 0.254106 -0.349318 0.146732
v 0.224765 -0.351495 0.188635
v 0.188594 -0.353672 0.224806
v 0.146690 -0.355849 0.254147
v 0.100329 -0.358026 0.275766
v 0.050918 -0.360203 0.289006
v -0.000042 -0.362380 0.293464
v -0.051002 -0.364557 0.289006
v -0.100413 -0.366734 0.275766
v -0.146775 -0.368911 0.254147
v -0.188678 -0.371088 0.224806
v -0.224849 -0.373265 0.188635
v -0.254190 -0.375443 0.146732
v -0.275809 -0.377620 0.100370
v -0.289049 -0.379797 0.050959
v -0.293507 -0.381974 -0.000001
v -0.289049 -0.384151 -0.050961
v -0.275809 -0.386328 -0.100372
v -0.254190 -0.388505 -0.146734
v -0.224849 -0.390682 -0.188637
v -0.188678 -0.392859 -0.224808
v -0.146775 -0.395036 -0.254149
v -0.100413 -0.397213 -0.275768
v -0.051002 -0.399390 -0.289008
v -0.000042 -0.401567 -0.293466
v 0.058284 -0.349862 -0.330784
v 0.114838 -0.352039 -0.315631
v 0.167901 -0.354216 -0.290887
v 0.215861 -0.356393 -0.257305
v 0.257262 -0.358570 -0.215904
v 0.290844 -0.360748 -0.167944
v 0.315588 -0.362925 -0.114881
v 0.330741 -0.365102 -0.058327
v 0.335844 -0.367279 -0.000001
v 0.330741 -0.369456 0.058325
v 0.315588 -0.371633 0.114879
v 0.290844 -0.373810 0.167942
v 0.257262 -0.375987 0.215902
v 0.215861 -0.378164 0.257303
v 0.167901 -0.380341 0.290885
v 0.114838 -0.382518 0.315629
v 0.058284 -0.384695 0.330782
v -0.000042 -0.386872 0.335885
v -0.058368 -0.389049 0.330782
v -0.114922 -0.391226 0.315629
v -0.167985 -0.393403 0.290885
v -0.215946 -0.395580 0.257303
v -0.257346 -0.397757 0.215902
v -0.290928 -0.399934 0.167942
v -0.315672 -0.402111 0.114879
v -0.330825 -0.404288 0.058325
v -0.335928 -0.406465 -0.000001
v -0.330825 -0.408642 -0.058327
v -0.315672 -0.410819 -0.114881
v -0.290928 -0.412996 -0.167944
v -0.257346 -0.415174 -0.215904
v -0.215946 -0.417351 -0.257305
v -0.167985 -0.419528 -0.290887
v -0.114922 -0.421705 -0.315631
v -0.058368 -0.423882 -0.330784
v -0.000042 -0.426059 -0.335887
v 0.058284 -0.359659 -0.330784
v 0.114838 -0.361836 -0.315631
v 0.167901 -0.364013 -0.290887
v 0.215861 -0.366190 -0.257305
v 0.257262 -0.368367 -0.215904
v 0.290844 -0.370544 -0.167944
v 0.315588 -0.372721 -0.114881
v 0.330741 -0.374898 -0.058327
v 0.335844 -0.377075 -0.000001
v 0.330741 -0.379252 0.058325
v 0.315588 -0.381429 0.114879
v 0.290844 -0.383606 0.167942
v 0.257262 -0.385783 0.215902
v 0.215861 -0.387960 0.257303
v 0.167901 -0.390138 0.290885
v 0.114838 -0.392315 0.315629
v 0.058284 -0.394492 0.330782
v -0.000042 -0.396669 0.335885
v -0.058368 -0.398846 0.330782
v -0.114922 -0.401023 0.315629
v -0.167985 -0.403200 0.290885
v -0.215946 -0.405377 0.257303
v -0.257346 -0.407554 0.215902
v -0.290928 -0.409731 0.167942
v -0.315672 -0.411908 0.114879
v -0.330825 -0.414085 0.058325
v -0.335928 -0.416262 -0.000001
v -0.330825 -0.418439 -0.058327
v -0.315672 -0.420616 -0.114881
v -0.290928 -0.422793 -0.167944
v -0.257346 -0.424970 -0.215904
v -0.215946 -0.427147 -0.257305
v -0.167985 -0.429324 -0.290887
v -0.114922 -0.431501 -0.315631
v -0.058368 -0.433678 -0.330784
v -0.000042 -0.435855 -0.335887
v 0.050918 -0.384151 -0.289008
v 0.100329 -0.386328 -0.275768
v 0.146690 -0.388505 -0.254149
v 0.188594 -0.390682 -0.224808
v 0.224765 -0.392859 -0.188637
v 0.254106 -0.395036 -0.146734
v 0.275725 -0.397213 -0.100372
v 0.288965 -0.399390 -0.050961
v 0.293423 -0.401567 -0.000001
v 0.288965 -0.403744 0.050959
v 0.275725 -0.405921 0.100370
v 0.254106 -0.408098 0.146732
v 0.224765 -0.410275 0.188635
v 0.188594 -0.412452 0.224806
v 0.146690 -0.414629 0.254147
v 0.100329 -0.416806 0.275766
v 0.050918 -0.418983 0.289006
v -0.000042 -0.421160 0.293464
v -0.051002 -0.423337 0.289006
v -0.100413 -0.425514 0.275766
v -0.146775 -0.427691 0.254147
v -0.188678 -0.429869 0.224806
v -0.224849 -0.432046 0.188635
v -0.254190 -0.434223 0.146732
v -0.275809 -0.436400 0.100370
v -0.289049 -0.438577 0.050959
v -0.293507 -0.440754 -0.000001
v -0.289049 -0.442931 -0.050961
v -0.275809 -0.445108 -0.100372
v -0.254190 -0.447285 -0.146734
v -0.224849 -0.449462 -0.188637
v -0.188678 -0.451639 -0.224808
v -0.146775 -0.453816 -0.254149
v -0.100413 -0.455993 -0.275768
v -0.051002 -0.458170 -0.289008
v -0.000042 -0.460347 -0.293466
v 0.050918 -0.403744 -0.289008
v 0.100329 -0.405921 -0.275768
v 0.146690 -0.408098 -0.254149
v 0.188594 -0.410275 -0.224808
v 0.224765 -0.412452 -0.188637
v 0.254106 -0.414629 -0.146734
v 0.275725 -0.416806 -0.100372
v 0.288965 -0.418983 -0.050961
v 0.293423 -0.421160 -0.000001
v 0.288965 -0.423337 0.050959
v 0.275725 -0.425514 0.100370
v 0.254106 -0.427691 0.146732
v 0.224765 -0.429869 0.188635
v 0.188594 -0.432046 0.224806
v 0.146690 -0.434223 0.254147
v 0.100329 -0.436400 0.275766
v 0.050918 -0.438577 0.289006
v -0.000042 -0.440754 0.293464
v -0.051002 -0.442931 0.289006
v -0.100413 -0.445108 0.275766
v -0.146775 -0.447285 0.254147
v -0.188678 -0.449462 0.224806
v -0.224849 -0.451639 0.188635
v -0.254190 -0.453816 0.146732
v -0.275809 -0.455993 0.100370
v -0.289049 -0.458170 0.050959
v -0.293507 -0.460347 -0.000001
v -0.289049 -0.462524 -0.050961
v -0.275809 -0.464701 -0.100372
v -0.254190 -0.466878 -0.146734
v -0.224849 -0.469055 -0.188637
v -0.188678 -0.471232 -0.224808
v -0.146775 -0.473409 -0.254149
v -0.100413 -0.475586 -0.275768
v -0.051002 -0.477763 -0.289008
v -0.000042 -0.479940 -0.293466
v 0.058284 -0.428236 -0.330784
v 0.114838 -0.430413 -0.315631
v 0.167901 -0.432590 -0.290887
v 0.215861 -0.434767 -0.257305
v 0.257262 -0.436944 -0.215904
v 0.290844 -0.439121 -0.167944
v 0.315588 -0.441298 -0.114881
v 0.330741 -0.443475 -0.058327
v 0.335844 -0.445652 -0.000001
v 0.330741 -0.447829 0.058325
v 0.315588 -0.450006 0.114879
v 0.290844 -0.452183 0.167942
v 0.257262 -0.454360 0.215902
v 0.215861 -0.456537 0.257303
v 0.167901 -0.458714 0.290885
v 0.114838 -0.460891 0.315629
v 0.058284 -0.463068 0.330782
v -0.000042 -0.465245 0.335885
v -0.058368 -0.467422 0.330782
v -0.114922 -0.469599 0.315629
v -0.167985 -0.471777 0.290885
v -0.215946 -0.473954 0.257303
v -0.257346 -0.476131 0.215902
v -0.290928 -0.478308 0.167942
v -0.315672 -0.480485 0.114879
v -0.330825 -0.482662 0.058325
v -0.335928 -0.484839 -0.000001
v -0.330825 -0.487016 -0.058327
v -0.315672 -0.489193 -0.114881
v -0.290928 -0.491370 -0.167944
v -0.257346 -0.493547 -0.215904
v -0.215946 -0.495724 -0.257305
v -0.167985 -0.497901 -0.290887
v -0.114922 -0.500078 -0.315631
v -0.058368 -0.502255 -0.330784
v -0.000042 -0.504432 -0.335887
v 0.058284 -0.438032 -0.330784
v 0.114838 -0.440209 -0.315631
v 0.167901 -0.442386 -0.290887
v 0.215861 -0.444564 -0.257305
v 0.257262 -0.446741 -0.215904
v 0.290844 -0.448918 -0.167944
v 0.315588 -0.451095 -0.114881
v 0.330741 -0.453272 -0.058327
v 0.335844 -0.455449 -0.000001
v 0.330741 -0.457626 0.058325
v 0.315588 -0.459803 0.114879
v 0.290844 -0.461980 0.167942
v 0.257262 -0.464157 0.215902
v 0.215861 -0.466334 0.257303
v 0.167901 -0.468511 0.290885
v 0.114838 -0.470688 0.315629
v 0.058284 -0.472865 0.330782
v -0.000042 -0.475042 0.335885
v -0.058368 -0.477219 0.330782
v -0.114922 -0.479396 0.315629
v -0.167985 -0.481573 0.290885
v -0.215946 -0.483750 0.257303
v -0.257346 -0.485927 0.215902
v -0.290928 -0.488104 0.167942
v -0.315672 -0.490281 0.114879
v -0.330825 -0.492458 0.058325
v -0.335928 -0.494635 -0.000001
v -0.330825 -0.496812 -0.058327
v -0.315672 -0.498990 -0.114881
v -0.290928 -0.501167 -0.167944
v -0.257346 -0.503344 -0.215904
v -0.215946 -0.505521 -0.257305
v -0.167985 -0.507698 -0.290887
v -0.114922 -0.509875 -0.315631
v -0.058368 -0.512052 -0.330784
v -0.000042 -0.514229 -0.335887
v 0.050918 -0.462524 -0.289008
v 0.100329 -0.464701 -0.275768
v 0.146690 -0.466878 -0.254149
v 0.188594 -0.469055 -0.224808
v 0.224765 -0.471232 -0.188637
v 0.254106 -0.473409 -0.146734
v 0.275725 -0.475586 -0.100372
v 0.288965 -0.477763 -0.050961
v 0.293423 -0.479940 -0.000001
v 0.288965 -0.482117 0.050959
v 0.275725 -0.484295 0.100370
v 0.254106 -0.486472 0.146732
v 0.224765 -0.488649 0.188635
v 0.188594 -0.490826 0.224806
v 0.146690 -0.493003 0.254147
v 0.100329 -0.495180 0.275766
v 0.050918 -0.497357 0.289006
v -0.000042 -0.499534 0.293464
v -0.051002 -0.501711 0.289006
v -0.100413 -0.503888 0.275766
v -0.146775 -0.506065 0.254147
v -0.188678 -0.508242 0.224806
v -0.224849 -0.510419 0.188635
v -0.254190 -0.512596 0.146732
v -0.275809 -0.514773 0.100370
v -0.289049 -0.516950 0.050959
v -0.293507 -0.519127 -0.000001
v -0.289049 -0.521304 -0.050961
v -0.275809 -0.523481 -0.100372
v -0.254190 -0.525658 -0.146734
v -0.224849 -0.527835 -0.188637
v -0.188678 -0.530012 -0.224808
v -0.146775 -0.532189 -0.254149
v -0.100413 -0.534366 -0.275768
v -0.051002 -0.536543 -0.289008
v -0.000042 -0.538720 -0.293466
v 0.050918 -0.482117 -0.289008
v 0.100329 -0.484295 -0.275768
v 0.146690 -0.486472 -0.254149
v 0.188594 -0.488649 -0.224808
v 0.224765 -0.490826 -0.188637
v 0.254106 -0.493003 -0.146734
v 0.275725 -0.495180 -0.100372
v 0.288965 -0.497357 -0.050961
v 0.293423 -0.499534 -0.000001
v 0.288965 -0.501711 0.050959
v 0.275725 -0.503888 0.100370
v 0.254106 -0.506065 0.146732
v 0.224765 -0.508242 0.188635
v 0.188594 -0.510419 0.224806
v 0.146690 -0.512596 0.254147
v 0.100329 -0.514773 0.275766
v 0.050918 -0.516950 0.289006
v -0.000042 -0.519127 0.293464
v -0.051002 -0.521304 0.289006
v -0.100413 -0.523481 0.275766
v -0.146775 -0.525658 0.254147
v -0.188678 -0.527835 0.224806
v -0.224849 -0.530012 0.188635
v -0.254190 -0.532189 0.146732
v -0.275809 -0.534366 0.100370
v -0.289049 -0.536543 0.050959
v -0.293507 -0.538720 -0.000001
v -0.289049 -0.540897 -0.050961
v -0.275809 -0.543075 -0.100372
v -0.254190 -0.545252 -0.146734
v -0.224849 -0.547429 -0.188637
v -0.188678 -0.549606 -0.224808
v -0.146775 -0.551783 -0.254149
v -0.100413 -0.553960 -0.275768
v -0.051002 -0.556137 -0.289008
v -0.000042 -0.558314 -0.293466
v 0.058284 -0.506609 -0.330784
v 0.114838 -0.508786 -0.315631
v 0.167901 -0.510963 -0.290887
v 0.215861 -0.513140 -0.257305
v 0.257262 -0.515317 -0.215904
v 0.290844 -0.517494 -0.167944
v 0.315588 -0.519671 -0.114881
v 0.330741 -0.521848 -0.058327
v 0.335844 -0.524025 -0.000001
v 0.330741 -0.526202 0.058325
v 0.315588 -0.528379 0.114879
v 0.290844 -0.530557 0.167942
v 0.257262 -0.532734 0.215902
v 0.215861 -0.534911 0.257303
v 0.167901 -0.537088 0.290885
v 0.114838 -0.539265 0.315629
v 0.058284 -0.541442 0.330782
v -0.000042 -0.543619 0.335885
v -0.058368 -0.545796 0.330782
v -0.114922 -0.547973 0.315629
v -0.167985 -0.550150 0.290885
v -0.215946 -0.552327 0.257303
v -0.257346 -0.554504 0.215902
v -0.290928 -0.556681 0.167942
v -0.315672 -0.558858 0.114879
v -0.330825 -0.561035 0.058325
v -0.335928 -0.563212 -0.000001
v -0.330825 -0.565389 -0.058327
v -0.315672 -0.567566 -0.114881
v -0.290928 -0.569743 -0.167944
v -0.257346 -0.571920 -0.215904
v -0.215946 -0.574097 -0.257305
v -0.167985 -0.576274 -0.290887
v -0.114922 -0.578451 -0.315631
v -0.058368 -0.580628 -0.330784
v -0.000042 -0.582806 -0.335887
v 0.058284 -0.516406 -0.330784
v 0.114838 -0.518583 -0.315631
v 0.167901 -0.520760 -0.290887
v 0.215861 -0.522937 -0.257305
v 0.257262 -0.525114 -0.215904
v 0.290844 -0.527291 -0.167944
v 0.315588 -0.529468 -0.114881
v 0.330741 -0.531645 -0.058327
v 0.335844 -0.533822 -0.000001
v 0.330741 -0.535999 0.058325
v 0.315588 -0.538176 0.114879
v 0.290844 -0.540353 0.167942
v 0.257262 -0.542530 0.215902
v 0.215861 -0.544707 0.257303
v 0.167901 -0.546884 0.290885
v 0.114838 -0.549061 0.315629
v 0.058284 -0.551238 0.330782
v -0.000042 -0.553415 0.335885
v -0.058368 -0.555593 0.330782
v -0.114922 -0.557770 0.315629
v -0.167985 -0.559947 0.290885
v -0.215946 -0.562124 0.257303
v -0.257346 -0.564301 0.215902
v -0.290928 -0.566478 0.167942
v -0.315672 -0.568655 0.114879
v -0.330825 -0.570832 0.058325
v -0.335928 -0.573009 -0.000001
v -0.330825 -0.575186 -0.058327
v -0.315672 -0.577363 -0.114881
v -0.290928 -0.579540 -0.167944
v -0.257346 -0.581717 -0.215904
v -0.215946 -0.583894 -0.257305
v -0.167985 -0.586071 -0.290887
v -0.114922 -0.588248 -0.315631
v -0.058368 -0.590425 -0.330784
v -0.000042 -0.592602 -0.335887
v 0.050918 -0.540897 -0.289008
v 0.100329 -0.543075 -0.275768
v 0.146690 -0.545252 -0.254149
v 0.188594 -0.547429 -0.224808
v 0.224765 -0.549606 -0.188637
v 0.254106 -0.551783 -0.146734
v 0.275725 -0.553960 -0.100372
v 0.288965 -0.556137 -0.050961
v 0.293423 -0.558314 -0.000001
v 0.288965 -0.560491 0.050959
v 0.275725 -0.562668 0.100370
v 0.254106 -0.564845 0.146732
v 0.224765 -0.567022 0.188635
v 0.188594 -0.569199 0.224806
v 0.146690 -0.571376 0.254147
v 0.100329 -0.573553 0.275766
v 0.050918 -0.575730 0.289006
v -0.000042 -0.577907 0.293464
v -0.051002 -0.580084 0.289006
v -0.100413 -0.582261 0.275766
v -0.146775 -0.584438 0.254147
v -0.188678 -0.586615 0.224806
v -0.224849 -0.588792 0.188635
v -0.254190 -0.590969 0.146732
v -0.275809 -0.593146 0.100370
v -0.289049 -0.595324 0.050959
v -0.293507 -0.597501 -0.000001
v -0.289049 -0.599678 -0.050961
v -0.275809 -0.601855 -0.100372
v -0.254190 -0.604032 -0.146734
v -0.224849 -0.606209 -0.188637
v -0.188678 -0.608386 -0.224808
v -0.146775 -0.610563 -0.254149
v -0.100413 -0.612740 -0.275768
v -0.051002 -0.614917 -0.289008
v -0.000042 -0.617094 -0.293466
v 0.050918 -0.560491 -0.289008
v 0.100329 -0.562668 -0.275768
v 0.146690 -0.564845 -0.254149
v 0.188594 -0.567022 -0.224808
v 0.224765 -0.569199 -0.188637
v 0.254106 -0.571376 -0.146734
v 0.275725 -0.573553 -0.100372
v 0.288965 -0.575730 -0.050961
v 0.293423 -0.577907 -0.000001
v 0.288965 -0.580084 0.050959
v 0.275725 -0.582261 0.100370
v 0.254106 -0.584438 0.146732
v 0.224765 -0.586615 0.188635
v 0.188594 -0.588792 0.224806
v 0.146690 -0.590969 0.254147
v 0.100329 -0.593146 0.275766
v 0.050918 -0.595324 0.289006
v -0.000042 -0.597501 0.293464
v -0.051002 -0.599678 0.289006
v -0.100413 -0.601855 0.275766
v -0.146775 -0.604032 0.254147
v -0.188678 -0.606209 0.224806
v -0.224849 -0.608386 0.188635
v -0.254190 -0.610563 0.146732
v -0.275809 -0.612740 0.100370
v -0.289049 -0.614917 0.050959
v -0.293507 -0.617094 -0.000001
v -0.289049 -0.619271 -0.050961
v -0.275809 -0.621448 -0.100372
v -0.254190 -0.623625 -0.146734
v -0.224849 -0.625802 -0.188637
v -0.188678 -0.627979 -0.224808
v -0.146775 -0.630156 -0.254149
v -0.100413 -0.632333 -0.275768
v -0.051002 -0.634510 -0.289008
v -0.000042 -0.636687 -0.293466
v 0.058284 -0.584983 -0.330784
v 0.114838 -0.587160 -0.315631
v 0.167901 -0.589337 -0.290887
v 0.215861 -0.591514 -0.257305
v 0.257262 -0.593691 -0.215904
v 0.290844 -0.595868 -0.167944
v 0.315588 -0.598045 -0.114881
v 0.330741 -0.600222 -0.058327
v 0.335844 -0.602399 -0.000001
v 0.330741 -0.604576 0.058325
v 0.315588 -0.606753 0.114879
v 0.290844 -0.608930 0.167942
v 0.257262 -0.611107 0.215902
v 0.215861 -0.613284 0.257303
v 0.167901 -0.615461 0.290885
v 0.114838 -0.617638 0.315629
v 0.058284 -0.619815 0.330782
v -0.000042 -0.621992 0.335885
v -0.058368 -0.624169 0.330782
v -0.114922 -0.626346 0.315629
v -0.167985 -0.628523 0.290885
v -0.215946 -0.630700 0.257303
v -0.257346 -0.632877 0.215902
v -0.290928 -0.635054 0.167942
v -0.315672 -0.637232 0.114879
v -0.330825 -0.639409 0.058325
v -0.335928 -0.641586 -0.000001
v -0.330825 -0.643763 -0.058327
v -0.315672 -0.645940 -0.114881
v -0.290928 -0.648117 -0.167944
v -0.257346 -0.650294 -0.215904
v -0.215946 -0.652471 -0.257305
v -0.167985 -0.654648 -0.290887
v -0.114922 -0.656825 -0.315631
v -0.058368 -0.659002 -0.330784
v -0.000042 -0.661179 -0.335887
v 0.058284 -0.594779 -0.330784
v 0.114838 -0.596956 -0.315631
v 0.167901 -0.599133 -0.290887
v 0.215861 -0.601310 -0.257305
v 0.257262 -0.603487 -0.215904
v 0.290844 -0.605664 -0.167944
v 0.315588 -0.607841 -0.114881
v 0.330741 -0.610018 -0.058327
v 0.335844 -0.612196 -0.000001
v 0.330741 -0.614373 0.058325
v 0.315588 -0.616550 0.114879
v 0.290844 -0.618727 0.167942
v 0.257262 -0.620904 0.215902
v 0.215861 -0.623081 0.257303
v 0.167901 -0.625258 0.290885
v 0.114838 -0.627435 0.315629
v 0.058284 -0.629612 0.330782
v -0.000042 -0.631789 0.335885
v -0.058368 -0.633966 0.330782
v -0.114922 -0.636143 0.315629
v -0.167985 -0.638320 0.290885
v -0.215946 -0.640497 0.257303
v -0.257346 -0.642674 0.215902
v -0.290928 -0.644851 0.167942
v -0.315672 -0.647028 0.114879
v -0.330825 -0.649205 0.058325
v -0.335928 -0.651382 -0.000001
v -0.330825 -0.653559 -0.058327
v -0.315672 -0.655736 -0.114881
v -0.290928 -0.657913 -0.167944
v -0.257346 -0.660090 -0.215904
v -0.215246 -0.662267 -0.256471
v -0.166352 -0.664444 -0.288059
v -0.113060 -0.666622 -0.310516
v -0.057045 -0.668799 -0.323280
v -0.000042 -0.670976 -0.326090
v 0.050918 -0.619271 -0.289008
v 0.100329 -0.621448 -0.275768
v 0.146690 -0.623625 -0.254149
v 0.188594 -0.625802 -0.224808
v 0.224765 -0.627979 -0.188637
v 0.254106 -0.630156 -0.146734
v 0.275725 -0.632333 -0.100372
v 0.288965 -0.634510 -0.050961
v 0.293423 -0.636687 -0.000001
v 0.288965 -0.638864 0.050959
v 0.275725 -0.641041 0.100370
v 0.254106 -0.643218 0.146732
v 0.224765 -0.645395 0.188635
v 0.188594 -0.647572 0.224806
v 0.146690 -0.649749 0.254147
v 0.100329 -0.651927 0.275766
v 0.050918 -0.654104 0.289006
v -0.000042 -0.656281 0.293464
v -0.051002 -0.658458 0.289006
v -0.100413 -0.660635 0.275766
v -0.146775 -0.662812 0.254147
v -0.188678 -0.664989 0.224806
v -0.224849 -0.667166 0.188635
v -0.254190 -0.669343 0.146732
v -0.275809 -0.671520 0.100370
v -0.289049 -0.673697 0.050959
v -0.293507 -0.675874 -0.000001
v -0.289049 -0.678051 -0.050961
v -0.275809 -0.680228 -0.100372
v -0.254190 -0.682405 -0.146734
v -0.224849 -0.684582 -0.188637
v -0.188678 -0.686759 -0.224808
v -0.146775 -0.688936 -0.254149
v -0.100413 -0.691113 -0.275768
v -0.051002 -0.693290 -0.289008
v -0.000042 -0.695467 -0.293466
v 0.050918 -0.638864 -0.289008
v 0.100329 -0.641041 -0.275768
v 0.146690 -0.643218 -0.254149
v 0.188594 -0.645395 -0.224808
v 0.224765 -0.647572 -0.188637
v 0.254106 -0.649749 -0.146734
v 0.275725 -0.651927 -0.100372
v 0.288965 -0.654104 -0.050961
v 0.293423 -0.656281 -0.000001
v 0.288965 -0.658458 0.050959
v 0.275725 -0.660635 0.100370
v 0.254106 -0.662812 0.146732
v 0.224765 -0.664989 0.188635
v 0.188594 -0.667166 0.224806
v 0.146690 -0.669343 0.254147
v 0.100329 -0.671520 0.275766
v 0.050918 -0.673697 0.289006
v -0.000042 -0.675874 0.293464
v -0.051002 -0.678051 0.289006
v -0.100413 -0.680228 0.275766
v -0.146775 -0.682405 0.254147
v -0.188678 -0.684582 0.224806
v -0.224849 -0.686759 0.188635
v -0.254190 -0.688936 0.146732
v -0.275809 -0.691113 0.100370
v -0.289049 -0.693290 0.050959
v -0.293507 -0.695467 -0.000001
v -0.289049 -0.697644 -0.050961
v -0.275809 -0.699821 -0.100372
v -0.254190 -0.701998 -0.146734
v -0.224409 -0.704175 -0.188267
v -0.186908 -0.706352 -0.222700
v -0.144310 -0.708530 -0.249880
v -0.097982 -0.710707 -0.269090
v -0.049390 -0.712884 -0.279865
v -0.000042 -0.715061 -0.282005
v 0.057906 -0.663356 -0.328640
v 0.113348 -0.665533 -0.311539
v 0.164635 -0.667710 -0.285231
v 0.210264 -0.669887 -0.250634
v 0.248923 -0.672064 -0.208908
v 0.279532 -0.674241 -0.161413
v 0.301267 -0.676418 -0.109669
v 0.313589 -0.678595 -0.055303
v 0.316251 -0.680772 -0.000001
v 0.309301 -0.682949 0.054545
v 0.293084 -0.685126 0.106688
v 0.268219 -0.687303 0.154880
v 0.235581 -0.689480 0.197711
v 0.196270 -0.691657 0.233955
v 0.151573 -0.693835 0.262604
v 0.102924 -0.696012 0.282897
v 0.051857 -0.698189 0.294335
v -0.000042 -0.700366 0.296698
v -0.051185 -0.702543 0.290047
v -0.100030 -0.704720 0.274714
v -0.145126 -0.706897 0.251292
v -0.185159 -0.709074 0.220613
v -0.218988 -0.711251 0.183717
v -0.245679 -0.713428 0.141818
v -0.264528 -0.715605 0.096264
v -0.275082 -0.717782 0.048496
v -0.277148 -0.719959 -0.000001
v -0.270794 -0.722136 -0.047742
v -0.256345 -0.724313 -0.093288
v -0.234367 -0.726490 -0.135288
v -0.205647 -0.728667 -0.172524
v -0.171166 -0.730844 -0.203938
v -0.132064 -0.733021 -0.228670
v -0.089606 -0.735198 -0.246075
v -0.045137 -0.737375 -0.255745
v 0.056205 -0.673153 -0.318992
v 0.109998 -0.675330 -0.302333
v 0.159737 -0.677507 -0.276747
v 0.203967 -0.679684 -0.243129
v 0.241418 -0.681861 -0.202610
v 0.271047 -0.684038 -0.156515
v 0.292061 -0.686215 -0.106318
v 0.303942 -0.688392 -0.053602
v 0.306454 -0.690569 -0.000001
v 0.299654 -0.692746 0.052843
v 0.283878 -0.694923 0.103338
v 0.259735 -0.697100 0.149981
v 0.228077 -0.699277 0.191413
v 0.189973 -0.701454 0.226450
v 0.146675 -0.703631 0.254120
v 0.099574 -0.705808 0.273691
v 0.050156 -0.707985 0.284687
v -0.000042 -0.710162 0.286902
v -0.049484 -0.712339 0.280399
v -0.096679 -0.714516 0.265508
v -0.140228 -0.716693 0.242808
v -0.178862 -0.718870 0.213108
v -0.211484 -0.721048 0.177420
v -0.237195 -0.723225 0.136919
v -0.255322 -0.725402 0.092913
v -0.265434 -0.727579 0.046795
v -0.267351 -0.729756 -0.000001
v -0.261146 -0.731933 -0.046041
v -0.247139 -0.734110 -0.089937
v -0.225883 -0.736287 -0.130390
v -0.198142 -0.738464 -0.166227
v -0.165568 -0.739552 -0.197267
v 0.050918 -0.697644 -0.289008
v 0.100329 -0.699821 -0.275768
v 0.146690 -0.701998 -0.254149
v 0.188224 -0.704175 -0.224367
v 0.222657 -0.706352 -0.186867
v 0.249837 -0.708530 -0.144269
v 0.269047 -0.710707 -0.097941
v 0.279822 -0.712884 -0.049349
v 0.281962 -0.715061 -0.000001
v 0.275534 -0.717238 0.048590
v 0.260864 -0.719415 0.094961
v 0.238525 -0.721592 0.137736
v 0.209315 -0.723769 0.175670
v 0.174230 -0.725946 0.207688
v 0.134429 -0.728123 0.232910
v 0.091197 -0.730300 0.250676
v 0.045903 -0.732477 0.260567
v -0.000042 -0.734654 0.262410
v -0.045231 -0.736831 0.256279
v -0.088303 -0.739008 0.242493
v -0.044759 -0.739552 -0.253601
v 0.048549 -0.717238 -0.275577
v 0.094920 -0.719415 -0.260907
v 0.137694 -0.721592 -0.238568
v 0.175629 -0.723769 -0.209358
v 0.207647 -0.725946 -0.174273
v 0.232869 -0.728123 -0.134472
v 0.250635 -0.730300 -0.091240
v 0.260526 -0.732477 -0.045946
v 0.262369 -0.734654 -0.000001
v 0.256238 -0.736831 0.045188
v 0.242452 -0.739008 0.088260
v 0.165484 -0.739552 0.197265
v -0.000042 -0.739552 0.257512
v -0.044759 -0.739552 0.253599
v -0.242025 -0.739552 0.088074
v -0.223055 -0.739552 -0.128757
v -0.000042 -0.739552 -0.257514
v 0.044674 -0.739552 -0.253601
v 0.222970 -0.739552 -0.128757
v 0.241941 -0.739552 -0.088076
v 0.197224 -0.739552 0.165525
v 0.253558 -0.739552 0.044716
v 0.128714 -0.739552 0.223011
v 0.088032 -0.739552 0.241982
v -0.165568 -0.739552 0.197265
v -0.197308 -0.739552 0.165525
v -0.242025 -0.739552 -0.088076
v -0.197308 -0.739552 -0.165527
v 0.128714 -0.739552 -0.223014
v 0.165484 -0.739552 -0.197267
v 0.197224 -0.739552 -0.165527
v 0.257471 -0.739552 -0.000001
v 0.044674 -0.739552 0.253599
v -0.253643 -0.739552 0.044716
v -0.128798 -0.739552 -0.223014
v -0.088117 -0.739552 -0.241984
v 0.088032 -0.739552 -0.241984
v 0.253558 -0.739552 -0.044718
v 0.241941 -0.739552 0.088074
v 0.222970 -0.739552 0.128755
v -0.088117 -0.739552 0.241982
v -0.128798 -0.739552 0.223011
v -0.223055 -0.739552 0.128755
v -0.257555 -0.739552 -0.000001
v -0.253643 -0.739552 -0.044718
v -0.000042 1.040644 -0.611943
v -0.106305 1.040644 -0.602647
v -0.530000 1.040644 0.305970
v -0.468817 1.040644 0.393348
v -0.209339 1.040644 -0.575039
v -0.575080 1.040644 -0.209298
v -0.602688 1.040644 -0.106264
v -0.393391 1.040644 0.468774
v 0.106221 1.040644 0.602645
v 0.209254 1.040644 0.575037
v 0.574996 1.040644 0.209296
v 0.602604 1.040644 0.106262
v 0.468733 1.040644 -0.393350
v 0.393307 1.040644 -0.468776
v -0.611985 1.040644 -0.000001
v 0.305929 1.040644 0.529957
v 0.305929 1.040644 -0.529959
v -0.530000 1.040644 -0.305972
v -0.468817 1.040644 -0.393350
v -0.000042 1.040644 0.611941
v -0.106305 1.040644 0.602645
v 0.529916 1.040644 0.305970
v 0.468733 1.040644 0.393348
v 0.529916 1.040644 -0.305972
v 0.574996 1.040644 -0.209298
v 0.106221 1.040644 -0.602647
v 0.209255 1.040644 -0.575039
v -0.393391 1.040644 -0.468776
v -0.575080 1.040644 0.209296
v -0.602688 1.040644 0.106262
v -0.209339 1.040644 0.575037
v 0.393307 1.040644 0.468774
v 0.602604 1.040644 -0.106264
v -0.306013 1.040644 -0.529959
v -0.306013 1.040644 0.529957
v 0.611900 1.040644 -0.000001
v -0.000042 0.931708 -0.207523
v -0.036078 0.931708 -0.204370
v -0.179761 0.931708 0.103760
v -0.159013 0.931708 0.133391
v -0.071019 0.931708 -0.195008
v -0.195049 0.931708 -0.070978
v -0.204411 0.931708 -0.036037
v -0.133435 0.931708 0.158970
v 0.035994 0.931708 0.204368
v 0.070935 0.931708 0.195006
v 0.194965 0.931708 0.070976
v 0.204327 0.931708 0.036035
v 0.158929 0.931708 -0.133393
v 0.133350 0.931708 -0.158972
v -0.207564 0.931708 -0.000001
v 0.103719 0.931708 0.179718
v 0.103719 0.931708 -0.179720
v -0.179761 0.931708 -0.103762
v -0.159013 0.931708 -0.133393
v -0.000042 0.931708 0.207521
v -0.036078 0.931708 0.204368
v 0.179677 0.931708 0.103760
v 0.158929 0.931708 0.133391
v 0.179677 0.931708 -0.103762
v 0.194965 0.931708 -0.070978
v 0.035994 0.931708 -0.204370
v 0.070934 0.931708 -0.195008
v -0.133435 0.931708 -0.158972
v -0.195049 0.931708 0.070976
v -0.204411 0.931708 0.036035
v -0.071019 0.931708 0.195006
v 0.133350 0.931708 0.158970
v 0.204327 0.931708 -0.036037
v -0.103803 0.931708 -0.179720
v -0.103803 0.931708 0.179718
v 0.207480 0.931708 -0.000001
v -0.000042 0.931708 -0.311413
v -0.054118 0.931708 -0.306682
v -0.269732 0.931708 0.155705
v -0.238597 0.931708 0.200170
v -0.106551 0.931708 -0.292632
v -0.292673 0.931708 -0.106510
v -0.306723 0.931708 -0.054077
v -0.200214 0.931708 0.238554
v 0.054034 0.931708 0.306680
v 0.106467 0.931708 0.292630
v 0.292589 0.931708 0.106508
v 0.306638 0.931708 0.054075
v 0.238513 0.931708 -0.200173
v 0.200129 0.931708 -0.238556
v -0.311454 0.931708 -0.000001
v 0.155664 0.931708 0.269689
v 0.155664 0.931708 -0.269691
v -0.269732 0.931708 -0.155707
v -0.238597 0.931708 -0.200172
v -0.000042 0.931708 0.311411
v -0.054118 0.931708 0.306680
v 0.269648 0.931708 0.155705
v 0.238513 0.931708 0.200171
v 0.269648 0.931708 -0.155707
v 0.292589 0.931708 -0.106510
v 0.054034 0.931708 -0.306682
v 0.106467 0.931708 -0.292632
v -0.200214 0.931708 -0.238556
v -0.292673 0.931708 0.106508
v -0.306723 0.931708 0.054075
v -0.106551 0.931708 0.292630
v 0.200129 0.931708 0.238554
v 0.306639 0.931708 -0.054077
v -0.155748 0.931708 -0.269691
v -0.155748 0.931708 0.269689
v 0.311370 0.931708 -0.000001
v -0.000042 1.040309 -0.185743
v -0.032296 1.040309 -0.182921
v -0.160899 1.040309 0.092870
v -0.142328 1.040309 0.119391
v -0.063569 1.040309 -0.174541
v -0.174582 1.040309 -0.063528
v -0.182962 1.040309 -0.032255
v -0.119435 1.040309 0.142285
v 0.032211 1.040309 0.182919
v 0.063485 1.040309 0.174539
v 0.174498 1.040309 0.063526
v 0.182878 1.040309 0.032253
v 0.142244 1.040309 -0.119393
v 0.119350 1.040309 -0.142287
v -0.185784 1.040309 -0.000001
v 0.092829 1.040309 0.160856
v 0.092829 1.040309 -0.160858
v -0.160899 1.040309 -0.092872
v -0.142328 1.040309 -0.119393
v -0.000042 1.040309 0.185741
v -0.032296 1.040309 0.182919
v 0.160815 1.040309 0.092870
v 0.142244 1.040309 0.119391
v 0.160815 1.040309 -0.092872
v 0.174498 1.040309 -0.063528
v 0.032212 1.040309 -0.182921
v 0.063485 1.040309 -0.174541
v -0.119434 1.040309 -0.142287
v -0.174582 1.040309 0.063526
v -0.182962 1.040309 0.032253
v -0.063569 1.040309 0.174539
v 0.119350 1.040309 0.142285
v 0.182878 1.040309 -0.032255
v -0.092913 1.040309 -0.160858
v -0.092913 1.040309 0.160856
v 0.185699 1.040309 -0.000001
vn 0.0617 0.7058 -0.7058
vn 0.1834 0.7058 -0.6843
vn 0.2994 0.7058 -0.6421
vn -0.0000 -0.0000 -1.0000
vn -0.0000 -1.0000 -0.0000
vn 0.0872 -0.0000 -0.9962
vn 0.2588 -0.0000 -0.9659
vn 0.4226 -0.0000 -0.9063
vn 0.0617 -0.7058 -0.7058
vn 0.1834 -0.7058 -0.6843
vn 0.2994 -0.7058 -0.6421
vn -0.0617 0.7058 -0.7058
vn -0.1834 0.7058 -0.6843
vn -0.2994 0.7058 -0.6421
vn -0.0872 -0.0000 -0.9962
vn -0.2588 -0.0000 -0.9659
vn -0.4226 -0.0000 -0.9063
vn -0.0617 -0.7058 -0.7058
vn -0.1834 -0.7058 -0.6843
vn -0.2994 -0.7058 -0.6421
vn -0.5803 0.7058 -0.4064
vn -0.5010 0.7058 -0.5010
vn -0.4064 0.7058 -0.5803
vn -0.8660 -0.0000 -0.5000
vn -0.8192 -0.0000 -0.5736
vn -0.7071 -0.0000 -0.7071
vn -0.5736 -0.0000 -0.8192
vn -0.5803 -0.7058 -0.4064
vn -0.5010 -0.7058 -0.5010
vn -0.4064 -0.7058 -0.5803
vn -0.6421 0.7058 -0.2994
vn -0.6843 0.7058 -0.1834
vn -0.7058 0.7058 -0.0617
vn -0.9063 -0.0000 -0.4226
vn -0.9659 -0.0000 -0.2588
vn -0.9962 -0.0000 -0.0872
vn -0.6421 -0.7058 -0.2994
vn -0.6843 -0.7058 -0.1834
vn -0.7058 -0.7058 -0.0617
vn -0.6421 0.7058 0.2994
vn -0.6843 0.7058 0.1834
vn -0.7058 0.7058 0.0617
vn -0.8660 -0.0000 0.5000
vn -0.9063 -0.0000 0.4226
vn -0.9659 -0.0000 0.2588
vn -0.9962 -0.0000 0.0872
vn -0.6421 -0.7058 0.2994
vn -0.6843 -0.7058 0.1834
vn -0.7058 -0.7058 0.0617
vn -0.5803 0.7058 0.4063
vn -0.5010 0.7058 0.5010
vn -0.4064 0.7058 0.5803
vn -0.8192 -0.0000 0.5736
vn -0.7071 -0.0000 0.7071
vn -0.5736 -0.0000 0.8192
vn -0.5803 -0.7058 0.4064
vn -0.5010 -0.7058 0.5010
vn -0.4064 -0.7058 0.5803
vn -0.0617 0.7058 0.7058
vn -0.1834 0.7058 0.6843
vn -0.2994 0.7058 0.6421
vn -0.0000 -0.0000 1.0000
vn -0.0872 -0.0000 0.9962
vn -0.2588 -0.0000 0.9659
vn -0.4226 -0.0000 0.9063
vn -0.0617 -0.7058 0.7058
vn -0.1834 -0.7058 0.6843
vn -0.2994 -0.7058 0.6421
vn -0.0721 0.5619 -0.8240
vn 0.0617 0.7058 0.7058
vn 0.1834 0.7058 0.6843
vn 0.2994 0.7058 0.6421
vn 0.0872 -0.0000 0.9962
vn 0.2588 -0.0000 0.9659
vn 0.4226 -0.0000 0.9063
vn 0.0617 -0.7058 0.7058
vn 0.1834 -0.7058 0.6843
vn 0.2994 -0.7058 0.6421
vn 0.5803 0.7058 0.4063
vn 0.5010 0.7058 0.5010
vn 0.4064 0.7058 0.5803
vn 0.8660 -0.0000 0.5000
vn 0.8192 -0.0000 0.5736
vn 0.7071 -0.0000 0.7071
vn 0.5736 -0.0000 0.8192
vn 0.5803 -0.7058 0.4064
vn 0.5010 -0.7058 0.5010
vn 0.4064 -0.7058 0.5803
vn 0.6421 0.7058 0.2994
vn 0.6843 0.7058 0.1834
vn 0.7058 0.7058 0.0617
vn 0.9063 -0.0000 0.4226
vn 0.9659 -0.0000 0.2588
vn 0.9962 -0.0000 0.0872
vn 0.6421 -0.7058 0.2994
vn 0.6843 -0.7058 0.1834
vn 0.7058 -0.7058 0.0617
vn 0.6421 0.7058 -0.2994
vn 0.6843 0.7058 -0.1834
vn 0.7058 0.7058 -0.0617
vn 0.8660 -0.0000 -0.5000
vn 0.9063 -0.0000 -0.4226
vn 0.9659 -0.0000 -0.2588
vn 0.9962 -0.0000 -0.0872
vn 0.6421 -0.7058 -0.2994
vn 0.6843 -0.7058 -0.1834
vn 0.7058 -0.7058 -0.0617
vn 0.5803 0.7058 -0.4063
vn 0.5010 0.7058 -0.5010
vn 0.4064 0.7058 -0.5803
vn 0.8192 -0.0000 -0.5736
vn 0.7071 -0.0000 -0.7071
vn 0.5736 -0.0000 -0.8192
vn 0.5803 -0.7058 -0.4064
vn 0.5009 -0.7058 -0.5010
vn 0.4063 -0.7058 -0.5803
vn 0.0962 -0.0240 -0.9951
vn 0.2652 -0.0717 -0.9615
vn 0.4246 -0.1190 -0.8975
vn 0.5687 -0.1654 -0.8057
vn 0.6926 -0.2108 -0.6898
vn 0.7922 -0.2549 -0.5545
vn 0.8647 -0.2974 -0.4049
vn 0.9082 -0.3383 -0.2466
vn 0.9221 -0.3773 -0.0855
vn 0.9072 -0.4144 0.0730
vn 0.8648 -0.4495 0.2236
vn 0.7977 -0.4827 0.3616
vn 0.7088 -0.5139 0.4832
vn 0.6022 -0.5432 0.5851
vn 0.4819 -0.5706 0.6650
vn 0.3524 -0.5963 0.7213
vn 0.2181 -0.6202 0.7535
vn 0.0834 -0.6425 0.7617
vn -0.0475 -0.6633 0.7468
vn -0.1710 -0.6827 0.7104
vn -0.2836 -0.7007 0.6547
vn -0.3826 -0.7175 0.5821
vn -0.4657 -0.7331 0.4958
vn -0.5311 -0.7476 0.3988
vn -0.5778 -0.7611 0.2946
vn -0.6054 -0.7737 0.1865
vn -0.6140 -0.7855 0.0779
vn -0.6041 -0.7964 -0.0280
vn -0.5770 -0.8066 -0.1284
vn -0.5341 -0.8161 -0.2205
vn -0.4775 -0.8251 -0.3021
vn -0.4094 -0.8334 -0.3713
vn -0.3322 -0.8412 -0.4267
vn -0.2486 -0.8485 -0.4672
vn -0.1613 -0.8553 -0.4923
vn -0.0728 -0.8618 -0.5021
vn 0.1071 -0.0000 -0.9942
vn 0.2782 -0.0000 -0.9605
vn 0.4409 -0.0000 -0.8976
vn 0.5901 -0.0000 -0.8073
vn 0.7214 -0.0000 -0.6926
vn 0.8307 -0.0000 -0.5567
vn 0.9148 -0.0000 -0.4039
vn 0.9710 -0.0000 -0.2389
vn 0.9978 -0.0000 -0.0666
vn 0.9942 -0.0000 0.1078
vn 0.9603 -0.0000 0.2789
vn 0.8973 -0.0000 0.4415
vn 0.8069 -0.0000 0.5906
vn 0.6921 -0.0000 0.7218
vn 0.5561 -0.0000 0.8311
vn 0.4033 -0.0000 0.9151
vn 0.2382 -0.0000 0.9712
vn 0.0659 -0.0000 0.9978
vn -0.1085 -0.0000 0.9941
vn -0.2795 -0.0000 0.9601
vn -0.4421 -0.0000 0.8970
vn -0.5912 -0.0000 0.8065
vn -0.7223 -0.0000 0.6916
vn -0.8315 -0.0000 0.5555
vn -0.9154 -0.0000 0.4026
vn -0.9714 -0.0000 0.2375
vn -0.9979 -0.0000 0.0651
vn -0.9940 -0.0000 -0.1092
vn -0.9599 -0.0000 -0.2803
vn -0.8966 -0.0000 -0.4428
vn -0.8061 -0.0000 -0.5918
vn -0.6910 -0.0000 -0.7229
vn -0.5549 -0.0000 -0.8319
vn -0.4019 -0.0000 -0.9157
vn -0.2367 -0.0000 -0.9716
vn -0.0643 -0.0000 -0.9979
vn 0.0980 0.0240 -0.9949
vn 0.2704 0.0717 -0.9601
vn 0.4327 0.1190 -0.8937
vn 0.5788 0.1655 -0.7985
vn 0.7037 0.2108 -0.6785
vn 0.8030 0.2549 -0.5387
vn 0.8739 0.2974 -0.3845
vn 0.9145 0.3382 -0.2220
vn 0.9244 0.3772 -0.0571
vn 0.9042 0.4143 0.1041
vn 0.8557 0.4494 0.2564
vn 0.7819 0.4826 0.3947
vn 0.6861 0.5138 0.5150
vn 0.5727 0.5431 0.6141
vn 0.4460 0.5705 0.6897
vn 0.3109 0.5961 0.7403
vn 0.1721 0.6200 0.7655
vn 0.0343 0.6423 0.7657
vn -0.0983 0.6631 0.7420
vn -0.2217 0.6825 0.6965
vn -0.3325 0.7005 0.6315
vn -0.4278 0.7172 0.5500
vn -0.5055 0.7328 0.4554
vn -0.5641 0.7474 0.3511
vn -0.6025 0.7609 0.2409
vn -0.6207 0.7735 0.1283
vn -0.6190 0.7852 0.0169
vn -0.5984 0.7961 -0.0900
vn -0.5603 0.8063 -0.1893
vn -0.5068 0.8159 -0.2784
vn -0.4401 0.8248 -0.3550
vn -0.3628 0.8331 -0.4175
vn -0.2777 0.8409 -0.4645
vn -0.1878 0.8482 -0.4953
vn -0.0958 0.8551 -0.5096
vn -0.0047 0.8615 -0.5078
vn 0.0095 -0.8647 -0.5022
vn 0.0966 -0.8647 -0.4929
vn 0.1807 -0.8647 -0.4687
vn 0.2593 -0.8647 -0.4302
vn 0.3301 -0.8647 -0.3786
vn 0.3908 -0.8647 -0.3156
vn 0.4397 -0.8647 -0.2429
vn 0.4752 -0.8647 -0.1629
vn 0.4962 -0.8647 -0.0779
vn 0.5022 -0.8647 0.0095
vn 0.4929 -0.8647 0.0966
vn 0.4687 -0.8647 0.1807
vn 0.4302 -0.8647 0.2593
vn 0.3786 -0.8647 0.3301
vn 0.3156 -0.8647 0.3908
vn 0.2429 -0.8647 0.4397
vn 0.1629 -0.8647 0.4752
vn 0.0779 -0.8647 0.4962
vn -0.0095 -0.8647 0.5022
vn -0.0966 -0.8647 0.4929
vn -0.1807 -0.8647 0.4687
vn -0.2593 -0.8647 0.4302
vn -0.3301 -0.8647 0.3786
vn -0.3908 -0.8647 0.3156
vn -0.4397 -0.8647 0.2429
vn -0.4752 -0.8647 0.1629
vn -0.4962 -0.8647 0.0779
vn -0.5022 -0.8647 -0.0095
vn -0.4929 -0.8647 -0.0966
vn -0.4687 -0.8647 -0.1807
vn -0.4302 -0.8647 -0.2593
vn -0.3786 -0.8647 -0.3301
vn -0.3156 -0.8647 -0.3908
vn -0.2429 -0.8647 -0.4397
vn -0.1629 -0.8647 -0.4752
vn -0.0779 -0.8647 -0.4962
vn 0.0779 0.8647 -0.4962
vn 0.1629 0.8647 -0.4752
vn 0.2429 0.8647 -0.4397
vn 0.3156 0.8647 -0.3908
vn 0.3786 0.8647 -0.3301
vn 0.4302 0.8647 -0.2593
vn 0.4687 0.8647 -0.1807
vn 0.4929 0.8647 -0.0966
vn 0.5022 0.8647 -0.0095
vn 0.4962 0.8647 0.0779
vn 0.4752 0.8647 0.1629
vn 0.4397 0.8647 0.2429
vn 0.3908 0.8647 0.3156
vn 0.3301 0.8647 0.3786
vn 0.2593 0.8647 0.4302
vn 0.1807 0.8647 0.4687
vn 0.0966 0.8647 0.4929
vn 0.0095 0.8647 0.5022
vn -0.0779 0.8647 0.4962
vn -0.1629 0.8647 0.4752
vn -0.2429 0.8647 0.4397
vn -0.3156 0.8647 0.3908
vn -0.3786 0.8647 0.3301
vn -0.4302 0.8647 0.2593
vn -0.4687 0.8647 0.1807
vn -0.4929 0.8647 0.0966
vn -0.5022 0.8647 0.0095
vn -0.4962 0.8647 -0.0779
vn -0.4752 0.8647 -0.1629
vn -0.4397 0.8647 -0.2429
vn -0.3908 0.8647 -0.3156
vn -0.3301 0.8647 -0.3786
vn -0.2593 0.8647 -0.4302
vn -0.1807 0.8647 -0.4687
vn -0.0966 0.8647 -0.4929
vn -0.0095 0.8647 -0.5022
vn -0.7009 -0.0553 -0.7111
vn -0.5517 -0.2162 -0.8055
vn -0.3847 -0.4049 -0.8295
vn -0.2206 -0.5532 -0.8033
vn -0.0761 -0.6629 -0.7449
vn -0.3785 -0.8620 -0.3372
vn -0.3183 -0.8531 -0.4133
vn -0.2498 -0.8398 -0.4819
vn -0.1673 -0.8248 -0.5401
vn -0.0720 -0.8078 -0.5850
vn -0.8162 -0.0146 -0.5776
vn -0.6920 -0.0844 -0.7169
vn -0.5525 -0.1917 -0.8112
vn -0.3969 -0.2926 -0.8699
vn -0.2358 -0.3846 -0.8924
vn -0.0782 -0.4665 -0.8811
vn 0.0886 0.8586 -0.5050
vn 0.1803 0.8460 -0.5017
vn 0.2740 0.8319 -0.4826
vn 0.3670 0.8159 -0.4468
vn 0.4565 0.7978 -0.3939
vn 0.5395 0.7772 -0.3239
vn 0.6128 0.7538 -0.2373
vn 0.6731 0.7271 -0.1353
vn 0.7172 0.6966 -0.0195
vn 0.7420 0.6617 0.1075
vn 0.7445 0.6220 0.2426
vn 0.7223 0.5768 0.3816
vn 0.6736 0.5255 0.5197
vn 0.5976 0.4679 0.6511
vn 0.4950 0.4035 0.7695
vn 0.3678 0.3325 0.8684
vn 0.2202 0.2554 0.9414
vn 0.0579 0.1730 0.9832
vn -0.1114 0.0868 0.9900
vn -0.2792 -0.0014 0.9602
vn -0.4366 -0.0895 0.8952
vn -0.5757 -0.1756 0.7986
vn -0.6899 -0.2579 0.6764
vn -0.7751 -0.3350 0.5357
vn -0.8292 -0.4058 0.3843
vn -0.8522 -0.4701 0.2297
vn -0.8458 -0.5276 0.0786
vn -0.8131 -0.5787 -0.0635
vn -0.7576 -0.6238 -0.1923
vn -0.6835 -0.6634 -0.3045
vn -0.5960 -0.6938 -0.4043
vn 0.5010 -0.7058 -0.5010
vn -0.5009 -0.7058 0.5010
vn 0.0342 -0.7885 -0.6140
vn 0.1486 -0.7666 -0.6247
vn 0.2684 -0.7416 -0.6148
vn 0.3905 -0.7170 -0.5774
vn -0.5009 -0.7058 -0.5009
vn 0.0684 -0.5379 -0.8403
vn 0.1987 -0.5993 -0.7755
vn 0.3096 -0.6517 -0.6924
vn 0.4062 -0.6908 -0.5982
vn 0.4064 -0.7058 -0.5803
vn 0.7057 -0.7058 0.0617
vn 0.6843 -0.7057 0.1834
vn 0.6421 -0.7057 0.2994
vn -0.0000 1.0000 -0.0000
vn 0.0855 0.1959 0.9769
vn 0.0721 0.5619 -0.8240
vn -0.7497 0.5619 -0.3496
vn -0.6776 0.5619 -0.4745
vn 0.0721 0.5619 0.8240
vn -0.6776 0.5619 0.4745
vn -0.7497 0.5619 0.3496
vn 0.6776 0.5619 -0.4745
vn 0.3496 0.5619 0.7497
vn -0.2141 0.5619 0.7990
vn 0.2141 0.5619 0.7990
vn 0.4745 0.5619 -0.6776
vn 0.5849 0.5619 0.5849
vn 0.7990 0.5619 0.2141
vn -0.8240 0.5619 -0.0721
vn 0.7990 0.5619 -0.2141
vn 0.5849 0.5619 -0.5849
vn -0.0721 0.5619 0.8240
vn 0.2141 0.5619 -0.7990
vn -0.2141 0.5619 -0.7990
vn 0.7497 0.5619 -0.3496
vn -0.5849 0.5619 -0.5849
vn -0.7990 0.5619 -0.2141
vn -0.3496 0.5619 0.7497
vn -0.7990 0.5619 0.2141
vn -0.5849 0.5619 0.5849
vn 0.8240 0.5619 -0.0721
vn 0.4745 0.5619 0.6776
vn 0.8240 0.5619 0.0721
vn -0.4745 0.5619 -0.6776
vn 0.3496 0.5619 -0.7497
vn -0.3496 0.5619 -0.7497
vn -0.8240 0.5619 0.0721
vn -0.4745 0.5619 0.6776
vn 0.7497 0.5619 0.3496
vn 0.6776 0.5619 0.4745
vn -0.0855 0.1959 0.9769
vn 0.8887 0.1959 0.4144
vn 0.8033 0.1959 0.5625
vn -0.0855 0.1959 -0.9769
vn 0.8033 0.1959 -0.5625
vn 0.8887 0.1959 -0.4144
vn -0.8033 0.1959 0.5625
vn -0.4144 0.1959 -0.8887
vn 0.2538 0.1959 -0.9472
vn -0.2538 0.1959 -0.9472
vn -0.5625 0.1959 0.8033
vn -0.6934 0.1959 -0.6934
vn -0.9472 0.1959 -0.2538
vn 0.9769 0.1959 0.0855
vn -0.9472 0.1959 0.2538
vn -0.6934 0.1959 0.6934
vn 0.0855 0.1959 -0.9769
vn -0.2538 0.1959 0.9472
vn 0.2538 0.1959 0.9472
vn -0.8887 0.1959 0.4144
vn 0.6934 0.1959 0.6934
vn 0.9472 0.1959 0.2538
vn 0.4144 0.1959 -0.8887
vn 0.9472 0.1959 -0.2538
vn 0.6934 0.1959 -0.6934
vn -0.9769 0.1959 0.0855
vn -0.5625 0.1959 -0.8033
vn -0.9769 0.1959 -0.0855
vn 0.5625 0.1959 0.8033
vn -0.4144 0.1959 0.8887
vn 0.4144 0.1959 0.8887
vn 0.9769 0.1959 -0.0855
vn 0.5625 0.1959 -0.8033
vn -0.8887 0.1959 -0.4144
vn -0.8033 0.1959 -0.5625
s 0
f 2785//1 3//1 21//1 2760//1
f 2786//2 4//2 3//2 2785//2
f 2776//3 5//3 4//3 2786//3
f 3//4 6//4 24//4 21//4
f 4//4 7//4 6//4 3//4
f 5//4 7//4 4//4
f 6//4 8//4 29//4 24//4
f 7//4 9//4 8//4 6//4
f 5//4 10//4 9//4 7//4
f 8//5 11//5 29//5
f 9//5 12//5 11//5 8//5
f 10//5 245//5 12//5 9//5
f 11//6 13//6 32//6 29//6
f 12//7 14//7 13//7 11//7
f 245//8 15//8 14//8 12//8
f 13//5 16//5 36//5 32//5
f 14//5 17//5 16//5 13//5
f 15//5 252//5 17//5 14//5
f 16//9 296//9 258//9 36//9
f 17//10 267//10 296//10 16//10
f 252//11 259//11 267//11 17//11
f 2760//12 21//12 22//12 2761//12
f 2761//13 22//13 23//13 2764//13
f 2764//14 23//14 48//14 2793//14
f 21//4 24//4 25//4 22//4
f 22//4 25//4 26//4 23//4
f 23//4 26//4 48//4
f 24//4 29//4 27//4 25//4
f 25//4 27//4 28//4 26//4
f 26//4 28//4 52//4 48//4
f 29//5 30//5 27//5
f 27//5 30//5 31//5 28//5
f 28//5 31//5 55//5 52//5
f 29//15 32//15 33//15 30//15
f 30//16 33//16 34//16 31//16
f 31//17 34//17 35//17 55//17
f 32//5 36//5 37//5 33//5
f 33//5 37//5 38//5 34//5
f 34//5 38//5 39//5 35//5
f 36//18 258//18 257//18 37//18
f 37//19 257//19 256//19 38//19
f 38//20 256//20 255//20 39//20
f 2778//21 44//21 67//21 2777//21
f 2787//22 45//22 44//22 2778//22
f 2793//23 48//23 45//23 2787//23
f 44//24 46//24 71//24 67//24
f 45//24 47//24 46//24 44//24
f 48//24 47//24 45//24
f 46//24 50//24 49//24 71//24
f 47//24 51//24 50//24 46//24
f 48//24 52//24 51//24 47//24
f 50//5 53//5 49//5
f 51//5 54//5 53//5 50//5
f 52//5 55//5 54//5 51//5
f 53//25 57//25 56//25 49//25
f 54//26 58//26 57//26 53//26
f 55//27 35//27 58//27 54//27
f 57//5 59//5 82//5 56//5
f 58//5 60//5 59//5 57//5
f 35//5 39//5 60//5 58//5
f 59//28 62//28 61//28 82//28
f 60//29 63//29 62//29 59//29
f 39//30 255//30 63//30 60//30
f 2777//31 67//31 68//31 2765//31
f 2765//32 68//32 69//32 2766//32
f 2766//33 69//33 70//33 2774//33
f 67//24 71//24 72//24 68//24
f 68//24 72//24 73//24 69//24
f 69//24 73//24 70//24
f 71//24 49//24 74//24 72//24
f 72//24 74//24 75//24 73//24
f 73//24 75//24 76//24 70//24
f 49//5 77//5 74//5
f 74//5 77//5 78//5 75//5
f 75//5 78//5 101//5 76//5
f 49//34 56//34 79//34 77//34
f 77//35 79//35 80//35 78//35
f 78//36 80//36 81//36 101//36
f 56//5 82//5 83//5 79//5
f 79//5 83//5 84//5 80//5
f 80//5 84//5 85//5 81//5
f 82//37 61//37 86//37 83//37
f 83//38 86//38 87//38 84//38
f 84//39 87//39 88//39 85//39
f 2788//40 92//40 91//40 2762//40
f 2789//41 93//41 92//41 2788//41
f 2774//42 70//42 93//42 2789//42
f 92//43 94//43 113//43 91//43
f 93//43 95//43 94//43 92//43
f 70//43 95//43 93//43
f 94//43 96//43 98//43 113//43
f 95//43 97//43 96//43 94//43
f 70//43 76//43 97//43 95//43
f 96//5 99//5 98//5
f 97//5 100//5 99//5 96//5
f 76//5 101//5 100//5 97//5
f 99//44 103//44 102//44 98//44
f 100//45 104//45 103//45 99//45
f 101//46 81//46 104//46 100//46
f 103//5 106//5 105//5 102//5
f 104//5 107//5 106//5 103//5
f 81//5 85//5 107//5 104//5
f 106//47 272//47 126//47 105//47
f 107//48 254//48 272//48 106//48
f 85//49 88//49 254//49 107//49
f 2762//50 91//50 111//50 2763//50
f 2763//51 111//51 112//51 2767//51
f 2767//52 112//52 136//52 2794//52
f 91//43 113//43 114//43 111//43
f 111//43 114//43 115//43 112//43
f 112//43 115//43 136//43
f 113//43 98//43 116//43 114//43
f 114//43 116//43 117//43 115//43
f 115//43 117//43 139//43 136//43
f 98//5 118//5 116//5
f 116//5 118//5 119//5 117//5
f 117//5 119//5 120//5 139//5
f 98//53 102//53 121//53 118//53
f 118//54 121//54 122//54 119//54
f 119//55 122//55 123//55 120//55
f 102//5 105//5 124//5 121//5
f 121//5 124//5 125//5 122//5
f 122//5 125//5 148//5 123//5
f 105//56 126//56 266//56 124//56
f 124//57 266//57 271//57 125//57
f 125//58 271//58 150//58 148//58
f 2780//59 132//59 131//59 2779//59
f 2790//60 133//60 132//60 2780//60
f 2794//61 136//61 133//61 2790//61
f 132//62 134//62 156//62 131//62
f 133//62 135//62 134//62 132//62
f 136//62 135//62 133//62
f 134//62 137//62 159//62 156//62
f 135//62 138//62 137//62 134//62
f 136//62 139//62 138//62 135//62
f 137//5 140//5 159//5
f 138//5 141//5 140//5 137//5
f 139//5 120//5 141//5 138//5
f 140//63 143//63 142//63 159//63
f 141//64 144//64 143//64 140//64
f 120//65 123//65 144//65 141//65
f 143//5 146//5 145//5 142//5
f 144//5 147//5 146//5 143//5
f 123//5 148//5 147//5 144//5
f 146//66 270//66 172//66 145//66
f 147//67 149//67 270//67 146//67
f 148//68 150//68 149//68 147//68
f 127//69 151//69 2840//69 2851//69
f 2779//70 131//70 154//70 2768//70
f 2768//71 154//71 155//71 2769//71
f 2769//72 155//72 180//72 2775//72
f 131//62 156//62 157//62 154//62
f 154//62 157//62 158//62 155//62
f 155//62 158//62 180//62
f 156//62 159//62 160//62 157//62
f 157//62 160//62 161//62 158//62
f 158//62 161//62 162//62 180//62
f 159//5 163//5 160//5
f 160//5 163//5 164//5 161//5
f 161//5 164//5 165//5 162//5
f 159//73 142//73 166//73 163//73
f 163//74 166//74 167//74 164//74
f 164//75 167//75 168//75 165//75
f 142//5 145//5 169//5 166//5
f 166//5 169//5 170//5 167//5
f 167//5 170//5 171//5 168//5
f 145//76 172//76 260//76 169//76
f 169//77 260//77 173//77 170//77
f 170//78 173//78 265//78 171//78
f 2782//79 178//79 177//79 2781//79
f 2791//80 179//80 178//80 2782//80
f 2775//81 180//81 179//81 2791//81
f 178//82 182//82 181//82 177//82
f 179//82 183//82 182//82 178//82
f 180//82 183//82 179//82
f 182//82 184//82 202//82 181//82
f 183//82 185//82 184//82 182//82
f 180//82 162//82 185//82 183//82
f 184//5 186//5 202//5
f 185//5 187//5 186//5 184//5
f 162//5 165//5 187//5 185//5
f 186//83 189//83 188//83 202//83
f 187//84 190//84 189//84 186//84
f 165//85 168//85 190//85 187//85
f 189//5 192//5 191//5 188//5
f 190//5 193//5 192//5 189//5
f 168//5 171//5 193//5 190//5
f 192//86 269//86 263//86 191//86
f 193//87 264//87 269//87 192//87
f 171//88 265//88 264//88 193//88
f 2781//89 177//89 196//89 2770//89
f 2770//90 196//90 197//90 2771//90
f 2771//91 197//91 219//91 2795//91
f 177//82 181//82 198//82 196//82
f 196//82 198//82 199//82 197//82
f 197//82 199//82 219//82
f 181//82 202//82 200//82 198//82
f 198//82 200//82 201//82 199//82
f 199//82 201//82 222//82 219//82
f 202//5 203//5 200//5
f 200//5 203//5 204//5 201//5
f 201//5 204//5 225//5 222//5
f 202//92 188//92 205//92 203//92
f 203//93 205//93 206//93 204//93
f 204//94 206//94 228//94 225//94
f 188//5 191//5 207//5 205//5
f 205//5 207//5 208//5 206//5
f 206//5 208//5 231//5 228//5
f 191//95 263//95 268//95 207//95
f 207//96 268//96 297//96 208//96
f 208//97 297//97 232//97 231//97
f 2784//98 214//98 213//98 2783//98
f 2792//99 215//99 214//99 2784//99
f 2795//100 219//100 215//100 2792//100
f 214//101 217//101 216//101 213//101
f 215//101 218//101 217//101 214//101
f 219//101 218//101 215//101
f 217//101 220//101 240//101 216//101
f 218//101 221//101 220//101 217//101
f 219//101 222//101 221//101 218//101
f 220//5 223//5 240//5
f 221//5 224//5 223//5 220//5
f 222//5 225//5 224//5 221//5
f 223//102 226//102 246//102 240//102
f 224//103 227//103 226//103 223//103
f 225//104 228//104 227//104 224//104
f 226//5 229//5 249//5 246//5
f 227//5 230//5 229//5 226//5
f 228//5 231//5 230//5 227//5
f 229//105 278//105 253//105 249//105
f 230//106 279//106 278//106 229//106
f 231//107 232//107 279//107 230//107
f 2783//108 213//108 236//108 2772//108
f 2772//109 236//109 237//109 2773//109
f 2773//110 237//110 5//110 2776//110
f 213//101 216//101 238//101 236//101
f 236//101 238//101 239//101 237//101
f 237//101 239//101 5//101
f 216//101 240//101 241//101 238//101
f 238//101 241//101 242//101 239//101
f 239//101 242//101 10//101 5//101
f 240//5 243//5 241//5
f 241//5 243//5 244//5 242//5
f 242//5 244//5 245//5 10//5
f 240//111 246//111 247//111 243//111
f 243//112 247//112 248//112 244//112
f 244//113 248//113 15//113 245//113
f 246//5 249//5 250//5 247//5
f 247//5 250//5 251//5 248//5
f 248//5 251//5 252//5 15//5
f 249//114 253//114 262//114 250//114
f 250//115 262//115 261//115 251//115
f 251//116 261//116 259//116 252//116
f 63//26 273//26 62//26
f 255//27 274//27 273//27 63//27
f 256//17 275//17 274//17 255//17
f 257//16 276//16 275//16 256//16
f 258//15 277//15 276//15 257//15
f 150//65 280//65 149//65
f 271//55 281//55 280//55 150//55
f 266//54 282//54 281//54 271//54
f 126//53 283//53 282//53 266//53
f 272//44 284//44 283//44 126//44
f 254//45 285//45 284//45 272//45
f 88//46 286//46 285//46 254//46
f 87//36 287//36 286//36 88//36
f 86//35 288//35 287//35 87//35
f 61//34 289//34 288//34 86//34
f 62//25 290//25 289//25 61//25
f 273//26 291//26 290//26 62//26
f 274//27 292//27 291//27 273//27
f 275//17 293//17 292//17 274//17
f 276//16 294//16 293//16 275//16
f 277//15 295//15 294//15 276//15
f 263//92 298//92 268//92
f 269//83 299//83 298//83 263//83
f 264//84 300//84 299//84 269//84
f 265//85 301//85 300//85 264//85
f 173//75 302//75 301//75 265//75
f 260//74 303//74 302//74 173//74
f 172//73 304//73 303//73 260//73
f 270//63 305//63 304//63 172//63
f 149//64 306//64 305//64 270//64
f 280//65 307//65 306//65 149//65
f 281//55 308//55 307//55 280//55
f 282//54 309//54 308//54 281//54
f 283//53 310//53 309//53 282//53
f 284//44 311//44 310//44 283//44
f 285//45 312//45 311//45 284//45
f 286//46 313//46 312//46 285//46
f 287//36 314//36 313//36 286//36
f 288//35 315//35 314//35 287//35
f 289//34 316//34 315//34 288//34
f 290//25 317//25 316//25 289//25
f 291//26 318//26 317//26 290//26
f 292//27 319//27 318//27 291//27
f 293//17 320//17 319//17 292//17
f 294//16 321//16 320//16 293//16
f 295//15 322//15 321//15 294//15
f 296//6 323//6 258//6
f 267//7 324//7 323//7 296//7
f 259//8 325//8 324//8 267//8
f 261//113 326//113 325//113 259//113
f 262//112 327//112 326//112 261//112
f 253//111 328//111 327//111 262//111
f 278//102 329//102 328//102 253//102
f 279//103 330//103 329//103 278//103
f 232//104 331//104 330//104 279//104
f 297//94 332//94 331//94 232//94
f 268//93 333//93 332//93 297//93
f 298//92 334//92 333//92 268//92
f 299//83 335//83 334//83 298//83
f 300//84 336//84 335//84 299//84
f 301//85 337//85 336//85 300//85
f 302//75 338//75 337//75 301//75
f 303//74 339//74 338//74 302//74
f 304//73 340//73 339//73 303//73
f 305//63 341//63 340//63 304//63
f 306//64 342//64 341//64 305//64
f 307//65 343//65 342//65 306//65
f 308//55 344//55 343//55 307//55
f 309//54 345//54 344//54 308//54
f 310//53 346//53 345//53 309//53
f 311//44 347//44 346//44 310//44
f 312//45 348//45 347//45 311//45
f 313//46 349//46 348//46 312//46
f 314//36 350//36 349//36 313//36
f 315//35 351//35 350//35 314//35
f 316//34 352//34 351//34 315//34
f 317//25 353//25 352//25 316//25
f 318//26 354//26 353//26 317//26
f 319//27 355//27 354//27 318//27
f 320//17 356//17 355//17 319//17
f 321//16 357//16 356//16 320//16
f 322//15 358//15 357//15 321//15
f 323//6 359//6 277//6 258//6
f 324//7 360//7 359//7 323//7
f 325//8 361//8 360//8 324//8
f 326//113 362//113 361//113 325//113
f 327//112 363//112 362//112 326//112
f 328//111 364//111 363//111 327//111
f 329//102 365//102 364//102 328//102
f 330//103 366//103 365//103 329//103
f 331//104 367//104 366//104 330//104
f 332//94 368//94 367//94 331//94
f 333//93 369//93 368//93 332//93
f 334//92 370//92 369//92 333//92
f 335//83 371//83 370//83 334//83
f 336//84 372//84 371//84 335//84
f 337//85 373//85 372//85 336//85
f 338//75 374//75 373//75 337//75
f 339//74 375//74 374//74 338//74
f 340//73 376//73 375//73 339//73
f 341//63 377//63 376//63 340//63
f 342//64 378//64 377//64 341//64
f 343//65 379//65 378//65 342//65
f 344//55 380//55 379//55 343//55
f 345//54 381//54 380//54 344//54
f 346//53 382//53 381//53 345//53
f 347//44 383//44 382//44 346//44
f 348//45 384//45 383//45 347//45
f 349//46 385//46 384//46 348//46
f 350//36 386//36 385//36 349//36
f 351//35 387//35 386//35 350//35
f 352//34 388//34 387//34 351//34
f 353//25 389//25 388//25 352//25
f 354//26 390//26 389//26 353//26
f 355//27 391//27 390//27 354//27
f 356//17 392//17 391//17 355//17
f 357//16 393//16 392//16 356//16
f 358//15 394//15 393//15 357//15
f 359//117 395//117 295//117 277//117
f 360//118 396//118 395//118 359//118
f 361//119 397//119 396//119 360//119
f 362//120 398//120 397//120 361//120
f 363//121 399//121 398//121 362//121
f 364//122 400//122 399//122 363//122
f 365//123 401//123 400//123 364//123
f 366//124 402//124 401//124 365//124
f 367//125 403//125 402//125 366//125
f 368//126 404//126 403//126 367//126
f 369//127 405//127 404//127 368//127
f 370//128 406//128 405//128 369//128
f 371//129 407//129 406//129 370//129
f 372//130 408//130 407//130 371//130
f 373//131 409//131 408//131 372//131
f 374//132 410//132 409//132 373//132
f 375//133 411//133 410//133 374//133
f 376//134 412//134 411//134 375//134
f 377//135 413//135 412//135 376//135
f 378//136 414//136 413//136 377//136
f 379//137 415//137 414//137 378//137
f 380//138 416//138 415//138 379//138
f 381//139 417//139 416//139 380//139
f 382//140 418//140 417//140 381//140
f 383//141 419//141 418//141 382//141
f 384//142 420//142 419//142 383//142
f 385//143 421//143 420//143 384//143
f 386//144 422//144 421//144 385//144
f 387//145 423//145 422//145 386//145
f 388//146 424//146 423//146 387//146
f 389//147 425//147 424//147 388//147
f 390//148 426//148 425//148 389//148
f 391//149 427//149 426//149 390//149
f 392//150 428//150 427//150 391//150
f 393//151 429//151 428//151 392//151
f 394//152 538//152 429//152 393//152
f 395//153 430//153 322//153 295//153
f 396//154 431//154 430//154 395//154
f 397//155 432//155 431//155 396//155
f 398//156 433//156 432//156 397//156
f 399//157 434//157 433//157 398//157
f 400//158 435//158 434//158 399//158
f 401//159 436//159 435//159 400//159
f 402//160 437//160 436//160 401//160
f 403//161 438//161 437//161 402//161
f 404//162 439//162 438//162 403//162
f 405//163 440//163 439//163 404//163
f 406//164 441//164 440//164 405//164
f 407//165 442//165 441//165 406//165
f 408//166 443//166 442//166 407//166
f 409//167 444//167 443//167 408//167
f 410//168 445//168 444//168 409//168
f 411//169 446//169 445//169 410//169
f 412//170 447//170 446//170 411//170
f 413//171 448//171 447//171 412//171
f 414//172 449//172 448//172 413//172
f 415//173 450//173 449//173 414//173
f 416//174 451//174 450//174 415//174
f 417//175 452//175 451//175 416//175
f 418//176 453//176 452//176 417//176
f 419//177 454//177 453//177 418//177
f 420//178 455//178 454//178 419//178
f 421//179 456//179 455//179 420//179
f 422//180 457//180 456//180 421//180
f 423//181 458//181 457//181 422//181
f 424//182 459//182 458//182 423//182
f 425//183 460//183 459//183 424//183
f 426//184 461//184 460//184 425//184
f 427//185 462//185 461//185 426//185
f 428//186 463//186 462//186 427//186
f 429//187 464//187 463//187 428//187
f 538//188 465//188 464//188 429//188
f 430//189 466//189 358//189 322//189
f 431//190 467//190 466//190 430//190
f 432//191 468//191 467//191 431//191
f 433//192 469//192 468//192 432//192
f 434//193 470//193 469//193 433//193
f 435//194 471//194 470//194 434//194
f 436//195 472//195 471//195 435//195
f 437//196 473//196 472//196 436//196
f 438//197 474//197 473//197 437//197
f 439//198 475//198 474//198 438//198
f 440//199 476//199 475//199 439//199
f 441//200 477//200 476//200 440//200
f 442//201 478//201 477//201 441//201
f 443//202 479//202 478//202 442//202
f 444//203 480//203 479//203 443//203
f 445//204 481//204 480//204 444//204
f 446//205 482//205 481//205 445//205
f 447//206 483//206 482//206 446//206
f 448//207 484//207 483//207 447//207
f 449//208 485//208 484//208 448//208
f 450//209 486//209 485//209 449//209
f 451//210 487//210 486//210 450//210
f 452//211 488//211 487//211 451//211
f 453//212 489//212 488//212 452//212
f 454//213 490//213 489//213 453//213
f 455//214 491//214 490//214 454//214
f 456//215 492//215 491//215 455//215
f 457//216 493//216 492//216 456//216
f 458//217 494//217 493//217 457//217
f 459//218 495//218 494//218 458//218
f 460//219 496//219 495//219 459//219
f 461//220 497//220 496//220 460//220
f 462//221 498//221 497//221 461//221
f 463//222 499//222 498//222 462//222
f 464//223 500//223 499//223 463//223
f 465//224 501//224 500//224 464//224
f 466//6 502//6 394//6 358//6
f 467//7 503//7 502//7 466//7
f 468//8 504//8 503//8 467//8
f 469//113 505//113 504//113 468//113
f 470//112 506//112 505//112 469//112
f 471//111 507//111 506//111 470//111
f 472//102 508//102 507//102 471//102
f 473//103 509//103 508//103 472//103
f 474//104 510//104 509//104 473//104
f 475//94 511//94 510//94 474//94
f 476//93 512//93 511//93 475//93
f 477//92 513//92 512//92 476//92
f 478//83 514//83 513//83 477//83
f 479//84 515//84 514//84 478//84
f 480//85 516//85 515//85 479//85
f 481//75 517//75 516//75 480//75
f 482//74 518//74 517//74 481//74
f 483//73 519//73 518//73 482//73
f 484//63 520//63 519//63 483//63
f 485//64 521//64 520//64 484//64
f 486//65 522//65 521//65 485//65
f 487//55 523//55 522//55 486//55
f 488//54 524//54 523//54 487//54
f 489//53 525//53 524//53 488//53
f 490//44 526//44 525//44 489//44
f 491//45 527//45 526//45 490//45
f 492//46 528//46 527//46 491//46
f 493//36 529//36 528//36 492//36
f 494//35 530//35 529//35 493//35
f 495//34 531//34 530//34 494//34
f 496//25 532//25 531//25 495//25
f 497//26 533//26 532//26 496//26
f 498//27 534//27 533//27 497//27
f 499//17 535//17 534//17 498//17
f 500//16 536//16 535//16 499//16
f 501//15 537//15 536//15 500//15
f 502//225 539//225 538//225 394//225
f 503//226 540//226 539//226 502//226
f 504//227 541//227 540//227 503//227
f 505//228 542//228 541//228 504//228
f 506//229 543//229 542//229 505//229
f 507//230 544//230 543//230 506//230
f 508//231 545//231 544//231 507//231
f 509//232 546//232 545//232 508//232
f 510//233 547//233 546//233 509//233
f 511//234 548//234 547//234 510//234
f 512//235 549//235 548//235 511//235
f 513//236 550//236 549//236 512//236
f 514//237 551//237 550//237 513//237
f 515//238 552//238 551//238 514//238
f 516//239 553//239 552//239 515//239
f 517//240 554//240 553//240 516//240
f 518//241 555//241 554//241 517//241
f 519//242 556//242 555//242 518//242
f 520//243 557//243 556//243 519//243
f 521//244 558//244 557//244 520//244
f 522//245 559//245 558//245 521//245
f 523//246 560//246 559//246 522//246
f 524//247 561//247 560//247 523//247
f 525//248 562//248 561//248 524//248
f 526//249 563//249 562//249 525//249
f 527//250 564//250 563//250 526//250
f 528//251 565//251 564//251 527//251
f 529//252 566//252 565//252 528//252
f 530//253 567//253 566//253 529//253
f 531//254 568//254 567//254 530//254
f 532//255 569//255 568//255 531//255
f 533//256 570//256 569//256 532//256
f 534//257 571//257 570//257 533//257
f 535//258 572//258 571//258 534//258
f 536//259 573//259 572//259 535//259
f 537//260 574//260 573//260 536//260
f 539//6 575//6 465//6 538//6
f 540//7 576//7 575//7 539//7
f 541//8 577//8 576//8 540//8
f 542//113 578//113 577//113 541//113
f 543//112 579//112 578//112 542//112
f 544//111 580//111 579//111 543//111
f 545//102 581//102 580//102 544//102
f 546//103 582//103 581//103 545//103
f 547//104 583//104 582//104 546//104
f 548//94 584//94 583//94 547//94
f 549//93 585//93 584//93 548//93
f 550//92 586//92 585//92 549//92
f 551//83 587//83 586//83 550//83
f 552//84 588//84 587//84 551//84
f 553//85 589//85 588//85 552//85
f 554//75 590//75 589//75 553//75
f 555//74 591//74 590//74 554//74
f 556//73 592//73 591//73 555//73
f 557//63 593//63 592//63 556//63
f 558//64 594//64 593//64 557//64
f 559//65 595//65 594//65 558//65
f 560//55 596//55 595//55 559//55
f 561//54 597//54 596//54 560//54
f 562//53 598//53 597//53 561//53
f 563//44 599//44 598//44 562//44
f 564//45 600//45 599//45 563//45
f 565//46 601//46 600//46 564//46
f 566//36 602//36 601//36 565//36
f 567//35 603//35 602//35 566//35
f 568//34 604//34 603//34 567//34
f 569//25 605//25 604//25 568//25
f 570//26 606//26 605//26 569//26
f 571//27 607//27 606//27 570//27
f 572//17 608//17 607//17 571//17
f 573//16 609//16 608//16 572//16
f 574//15 610//15 609//15 573//15
f 575//261 611//261 501//261 465//261
f 576//262 612//262 611//262 575//262
f 577//263 613//263 612//263 576//263
f 578//264 614//264 613//264 577//264
f 579//265 615//265 614//265 578//265
f 580//266 616//266 615//266 579//266
f 581//267 617//267 616//267 580//267
f 582//268 618//268 617//268 581//268
f 583//269 619//269 618//269 582//269
f 584//270 620//270 619//270 583//270
f 585//271 621//271 620//271 584//271
f 586//272 622//272 621//272 585//272
f 587//273 623//273 622//273 586//273
f 588//274 624//274 623//274 587//274
f 589//275 625//275 624//275 588//275
f 590//276 626//276 625//276 589//276
f 591//277 627//277 626//277 590//277
f 592//278 628//278 627//278 591//278
f 593//279 629//279 628//279 592//279
f 594//280 630//280 629//280 593//280
f 595//281 631//281 630//281 594//281
f 596//282 632//282 631//282 595//282
f 597//283 633//283 632//283 596//283
f 598//284 634//284 633//284 597//284
f 599//285 635//285 634//285 598//285
f 600//286 636//286 635//286 599//286
f 601//287 637//287 636//287 600//287
f 602//288 638//288 637//288 601//288
f 603//289 639//289 638//289 602//289
f 604//290 640//290 639//290 603//290
f 605//291 641//291 640//291 604//291
f 606//292 642//292 641//292 605//292
f 607//293 643//293 642//293 606//293
f 608//294 644//294 643//294 607//294
f 609//295 645//295 644//295 608//295
f 610//296 646//296 645//296 609//296
f 611//6 647//6 537//6 501//6
f 612//7 648//7 647//7 611//7
f 613//8 649//8 648//8 612//8
f 614//113 650//113 649//113 613//113
f 615//112 651//112 650//112 614//112
f 616//111 652//111 651//111 615//111
f 617//102 653//102 652//102 616//102
f 618//103 654//103 653//103 617//103
f 619//104 655//104 654//104 618//104
f 620//94 656//94 655//94 619//94
f 621//93 657//93 656//93 620//93
f 622//92 658//92 657//92 621//92
f 623//83 659//83 658//83 622//83
f 624//84 660//84 659//84 623//84
f 625//85 661//85 660//85 624//85
f 626//75 662//75 661//75 625//75
f 627//74 663//74 662//74 626//74
f 628//73 664//73 663//73 627//73
f 629//63 665//63 664//63 628//63
f 630//64 666//64 665//64 629//64
f 631//65 667//65 666//65 630//65
f 632//55 668//55 667//55 631//55
f 633//54 669//54 668//54 632//54
f 634//53 670//53 669//53 633//53
f 635//44 671//44 670//44 634//44
f 636//45 672//45 671//45 635//45
f 637//46 673//46 672//46 636//46
f 638//36 674//36 673//36 637//36
f 639//35 675//35 674//35 638//35
f 640//34 676//34 675//34 639//34
f 641//25 677//25 676//25 640//25
f 642//26 678//26 677//26 641//26
f 643//27 679//27 678//27 642//27
f 644//17 680//17 679//17 643//17
f 645//16 681//16 680//16 644//16
f 646//15 682//15 681//15 645//15
f 647//225 683//225 574//225 537//225
f 648//226 684//226 683//226 647//226
f 649//227 685//227 684//227 648//227
f 650//228 686//228 685//228 649//228
f 651//229 687//229 686//229 650//229
f 652//230 688//230 687//230 651//230
f 653//231 689//231 688//231 652//231
f 654//232 690//232 689//232 653//232
f 655//233 691//233 690//233 654//233
f 656//234 692//234 691//234 655//234
f 657//235 693//235 692//235 656//235
f 658//236 694//236 693//236 657//236
f 659//237 695//237 694//237 658//237
f 660//238 696//238 695//238 659//238
f 661//239 697//239 696//239 660//239
f 662//240 698//240 697//240 661//240
f 663//241 699//241 698//241 662//241
f 664//242 700//242 699//242 663//242
f 665//243 701//243 700//243 664//243
f 666//244 702//244 701//244 665//244
f 667//245 703//245 702//245 666//245
f 668//246 704//246 703//246 667//246
f 669//247 705//247 704//247 668//247
f 670//248 706//248 705//248 669//248
f 671//249 707//249 706//249 670//249
f 672//250 708//250 707//250 671//250
f 673//251 709//251 708//251 672//251
f 674//252 710//252 709//252 673//252
f 675//253 711//253 710//253 674//253
f 676//254 712//254 711//254 675//254
f 677//255 713//255 712//255 676//255
f 678//256 714//256 713//256 677//256
f 679//257 715//257 714//257 678//257
f 680//258 716//258 715//258 679//258
f 681//259 717//259 716//259 680//259
f 682//260 826//260 717//260 681//260
f 683//6 718//6 610//6 574//6
f 684//7 719//7 718//7 683//7
f 685//8 720//8 719//8 684//8
f 686//113 721//113 720//113 685//113
f 687//112 722//112 721//112 686//112
f 688//111 723//111 722//111 687//111
f 689//102 724//102 723//102 688//102
f 690//103 725//103 724//103 689//103
f 691//104 726//104 725//104 690//104
f 692//94 727//94 726//94 691//94
f 693//93 728//93 727//93 692//93
f 694//92 729//92 728//92 693//92
f 695//83 730//83 729//83 694//83
f 696//84 731//84 730//84 695//84
f 697//85 732//85 731//85 696//85
f 698//75 733//75 732//75 697//75
f 699//74 734//74 733//74 698//74
f 700//73 735//73 734//73 699//73
f 701//63 736//63 735//63 700//63
f 702//64 737//64 736//64 701//64
f 703//65 738//65 737//65 702//65
f 704//55 739//55 738//55 703//55
f 705//54 740//54 739//54 704//54
f 706//53 741//53 740//53 705//53
f 707//44 742//44 741//44 706//44
f 708//45 743//45 742//45 707//45
f 709//46 744//46 743//46 708//46
f 710//36 745//36 744//36 709//36
f 711//35 746//35 745//35 710//35
f 712//34 747//34 746//34 711//34
f 713//25 748//25 747//25 712//25
f 714//26 749//26 748//26 713//26
f 715//27 750//27 749//27 714//27
f 716//17 751//17 750//17 715//17
f 717//16 752//16 751//16 716//16
f 826//15 753//15 752//15 717//15
f 718//261 754//261 646//261 610//261
f 719//262 755//262 754//262 718//262
f 720//263 756//263 755//263 719//263
f 721//264 757//264 756//264 720//264
f 722//265 758//265 757//265 721//265
f 723//266 759//266 758//266 722//266
f 724//267 760//267 759//267 723//267
f 725//268 761//268 760//268 724//268
f 726//269 762//269 761//269 725//269
f 727//270 763//270 762//270 726//270
f 728//271 764//271 763//271 727//271
f 729//272 765//272 764//272 728//272
f 730//273 766//273 765//273 729//273
f 731//274 767//274 766//274 730//274
f 732//275 768//275 767//275 731//275
f 733//276 769//276 768//276 732//276
f 734//277 770//277 769//277 733//277
f 735//278 771//278 770//278 734//278
f 736//279 772//279 771//279 735//279
f 737//280 773//280 772//280 736//280
f 738//281 774//281 773//281 737//281
f 739//282 775//282 774//282 738//282
f 740//283 776//283 775//283 739//283
f 741//284 777//284 776//284 740//284
f 742//285 778//285 777//285 741//285
f 743//286 779//286 778//286 742//286
f 744//287 780//287 779//287 743//287
f 745//288 781//288 780//288 744//288
f 746//289 782//289 781//289 745//289
f 747//290 783//290 782//290 746//290
f 748//291 784//291 783//291 747//291
f 749//292 785//292 784//292 748//292
f 750//293 786//293 785//293 749//293
f 751//294 787//294 786//294 750//294
f 752//295 788//295 787//295 751//295
f 753//296 789//296 788//296 752//296
f 754//6 790//6 682//6 646//6
f 755//7 791//7 790//7 754//7
f 756//8 792//8 791//8 755//8
f 757//113 793//113 792//113 756//113
f 758//112 794//112 793//112 757//112
f 759//111 795//111 794//111 758//111
f 760//102 796//102 795//102 759//102
f 761//103 797//103 796//103 760//103
f 762//104 798//104 797//104 761//104
f 763//94 799//94 798//94 762//94
f 764//93 800//93 799//93 763//93
f 765//92 801//92 800//92 764//92
f 766//83 802//83 801//83 765//83
f 767//84 803//84 802//84 766//84
f 768//85 804//85 803//85 767//85
f 769//75 805//75 804//75 768//75
f 770//74 806//74 805//74 769//74
f 771//73 807//73 806//73 770//73
f 772//63 808//63 807//63 771//63
f 773//64 809//64 808//64 772//64
f 774//65 810//65 809//65 773//65
f 775//55 811//55 810//55 774//55
f 776//54 812//54 811//54 775//54
f 777//53 813//53 812//53 776//53
f 778//44 814//44 813//44 777//44
f 779//45 815//45 814//45 778//45
f 780//46 816//46 815//46 779//46
f 781//36 817//36 816//36 780//36
f 782//35 818//35 817//35 781//35
f 783//34 819//34 818//34 782//34
f 784//25 820//25 819//25 783//25
f 785//26 821//26 820//26 784//26
f 786//27 822//27 821//27 785//27
f 787//17 823//17 822//17 786//17
f 788//16 824//16 823//16 787//16
f 789//15 825//15 824//15 788//15
f 790//225 827//225 826//225 682//225
f 791//226 828//226 827//226 790//226
f 792//227 829//227 828//227 791//227
f 793//228 830//228 829//228 792//228
f 794//229 831//229 830//229 793//229
f 795//230 832//230 831//230 794//230
f 796//231 833//231 832//231 795//231
f 797//232 834//232 833//232 796//232
f 798//233 835//233 834//233 797//233
f 799//234 836//234 835//234 798//234
f 800//235 837//235 836//235 799//235
f 801//236 838//236 837//236 800//236
f 802//237 839//237 838//237 801//237
f 803//238 840//238 839//238 802//238
f 804//239 841//239 840//239 803//239
f 805//240 842//240 841//240 804//240
f 806//241 843//241 842//241 805//241
f 807//242 844//242 843//242 806//242
f 808//243 845//243 844//243 807//243
f 809//244 846//244 845//244 808//244
f 810//245 847//245 846//245 809//245
f 811//246 848//246 847//246 810//246
f 812//247 849//247 848//247 811//247
f 813//248 850//248 849//248 812//248
f 814//249 851//249 850//249 813//249
f 815//250 852//250 851//250 814//250
f 816//251 853//251 852//251 815//251
f 817//252 854//252 853//252 816//252
f 818//253 855//253 854//253 817//253
f 819//254 856//254 855//254 818//254
f 820//255 857//255 856//255 819//255
f 821//256 858//256 857//256 820//256
f 822//257 859//257 858//257 821//257
f 823//258 860//258 859//258 822//258
f 824//259 861//259 860//259 823//259
f 825//260 862//260 861//260 824//260
f 827//6 863//6 753//6 826//6
f 828//7 864//7 863//7 827//7
f 829//8 865//8 864//8 828//8
f 830//113 866//113 865//113 829//113
f 831//112 867//112 866//112 830//112
f 832//111 868//111 867//111 831//111
f 833//102 869//102 868//102 832//102
f 834//103 870//103 869//103 833//103
f 835//104 871//104 870//104 834//104
f 836//94 872//94 871//94 835//94
f 837//93 873//93 872//93 836//93
f 838//92 874//92 873//92 837//92
f 839//83 875//83 874//83 838//83
f 840//84 876//84 875//84 839//84
f 841//85 877//85 876//85 840//85
f 842//75 878//75 877//75 841//75
f 843//74 879//74 878//74 842//74
f 844//73 880//73 879//73 843//73
f 845//63 881//63 880//63 844//63
f 846//64 882//64 881//64 845//64
f 847//65 883//65 882//65 846//65
f 848//55 884//55 883//55 847//55
f 849//54 885//54 884//54 848//54
f 850//53 886//53 885//53 849//53
f 851//44 887//44 886//44 850//44
f 852//45 888//45 887//45 851//45
f 853//46 889//46 888//46 852//46
f 854//36 890//36 889//36 853//36
f 855//35 891//35 890//35 854//35
f 856//34 892//34 891//34 855//34
f 857//25 893//25 892//25 856//25
f 858//26 894//26 893//26 857//26
f 859//27 895//27 894//27 858//27
f 860//17 896//17 895//17 859//17
f 861//16 897//16 896//16 860//16
f 862//15 1006//15 897//15 861//15
f 863//261 898//261 789//261 753//261
f 864//262 899//262 898//262 863//262
f 865//263 900//263 899//263 864//263
f 866//264 901//264 900//264 865//264
f 867//265 902//265 901//265 866//265
f 868//266 903//266 902//266 867//266
f 869//267 904//267 903//267 868//267
f 870//268 905//268 904//268 869//268
f 871//269 906//269 905//269 870//269
f 872//270 907//270 906//270 871//270
f 873//271 908//271 907//271 872//271
f 874//272 909//272 908//272 873//272
f 875//273 910//273 909//273 874//273
f 876//274 911//274 910//274 875//274
f 877//275 912//275 911//275 876//275
f 878//276 913//276 912//276 877//276
f 879//277 914//277 913//277 878//277
f 880//278 915//278 914//278 879//278
f 881//279 916//279 915//279 880//279
f 882//280 917//280 916//280 881//280
f 883//281 918//281 917//281 882//281
f 884//282 919//282 918//282 883//282
f 885//283 920//283 919//283 884//283
f 886//284 921//284 920//284 885//284
f 887//285 922//285 921//285 886//285
f 888//286 923//286 922//286 887//286
f 889//287 924//287 923//287 888//287
f 890//288 925//288 924//288 889//288
f 891//289 926//289 925//289 890//289
f 892//290 927//290 926//290 891//290
f 893//291 928//291 927//291 892//291
f 894//292 929//292 928//292 893//292
f 895//293 930//293 929//293 894//293
f 896//294 931//294 930//294 895//294
f 897//295 932//295 931//295 896//295
f 1006//296 933//296 932//296 897//296
f 898//6 934//6 825//6 789//6
f 899//7 935//7 934//7 898//7
f 900//8 936//8 935//8 899//8
f 901//113 937//113 936//113 900//113
f 902//112 938//112 937//112 901//112
f 903//111 939//111 938//111 902//111
f 904//102 940//102 939//102 903//102
f 905//103 941//103 940//103 904//103
f 906//104 942//104 941//104 905//104
f 907//94 943//94 942//94 906//94
f 908//93 944//93 943//93 907//93
f 909//92 945//92 944//92 908//92
f 910//83 946//83 945//83 909//83
f 911//84 947//84 946//84 910//84
f 912//85 948//85 947//85 911//85
f 913//75 949//75 948//75 912//75
f 914//74 950//74 949//74 913//74
f 915//73 951//73 950//73 914//73
f 916//63 952//63 951//63 915//63
f 917//64 953//64 952//64 916//64
f 918//65 954//65 953//65 917//65
f 919//55 955//55 954//55 918//55
f 920//54 956//54 955//54 919//54
f 921//53 957//53 956//53 920//53
f 922//44 958//44 957//44 921//44
f 923//45 959//45 958//45 922//45
f 924//46 960//46 959//46 923//46
f 925//36 961//36 960//36 924//36
f 926//35 962//35 961//35 925//35
f 927//34 963//34 962//34 926//34
f 928//25 964//25 963//25 927//25
f 929//26 965//26 964//26 928//26
f 930//27 966//27 965//27 929//27
f 931//17 967//17 966//17 930//17
f 932//16 968//16 967//16 931//16
f 933//15 969//15 968//15 932//15
f 934//225 970//225 862//225 825//225
f 935//226 971//226 970//226 934//226
f 936//227 972//227 971//227 935//227
f 937//228 973//228 972//228 936//228
f 938//229 974//229 973//229 937//229
f 939//230 975//230 974//230 938//230
f 940//231 976//231 975//231 939//231
f 941//232 977//232 976//232 940//232
f 942//233 978//233 977//233 941//233
f 943//234 979//234 978//234 942//234
f 944//235 980//235 979//235 943//235
f 945//236 981//236 980//236 944//236
f 946//237 982//237 981//237 945//237
f 947//238 983//238 982//238 946//238
f 948//239 984//239 983//239 947//239
f 949//240 985//240 984//240 948//240
f 950//241 986//241 985//241 949//241
f 951//242 987//242 986//242 950//242
f 952//243 988//243 987//243 951//243
f 953//244 989//244 988//244 952//244
f 954//245 990//245 989//245 953//245
f 955//246 991//246 990//246 954//246
f 956//247 992//247 991//247 955//247
f 957//248 993//248 992//248 956//248
f 958//249 994//249 993//249 957//249
f 959//250 995//250 994//250 958//250
f 960//251 996//251 995//251 959//251
f 961//252 997//252 996//252 960//252
f 962//253 998//253 997//253 961//253
f 963//254 999//254 998//254 962//254
f 964//255 1000//255 999//255 963//255
f 965//256 1001//256 1000//256 964//256
f 966//257 1002//257 1001//257 965//257
f 967//258 1003//258 1002//258 966//258
f 968//259 1004//259 1003//259 967//259
f 969//260 1005//260 1004//260 968//260
f 970//6 1007//6 1006//6 862//6
f 971//7 1008//7 1007//7 970//7
f 972//8 1009//8 1008//8 971//8
f 973//113 1010//113 1009//113 972//113
f 974//112 1011//112 1010//112 973//112
f 975//111 1012//111 1011//111 974//111
f 976//102 1013//102 1012//102 975//102
f 977//103 1014//103 1013//103 976//103
f 978//104 1015//104 1014//104 977//104
f 979//94 1016//94 1015//94 978//94
f 980//93 1017//93 1016//93 979//93
f 981//92 1018//92 1017//92 980//92
f 982//83 1019//83 1018//83 981//83
f 983//84 1020//84 1019//84 982//84
f 984//85 1021//85 1020//85 983//85
f 985//75 1022//75 1021//75 984//75
f 986//74 1023//74 1022//74 985//74
f 987//73 1024//73 1023//73 986//73
f 988//63 1025//63 1024//63 987//63
f 989//64 1026//64 1025//64 988//64
f 990//65 1027//65 1026//65 989//65
f 991//55 1028//55 1027//55 990//55
f 992//54 1029//54 1028//54 991//54
f 993//53 1030//53 1029//53 992//53
f 994//44 1031//44 1030//44 993//44
f 995//45 1032//45 1031//45 994//45
f 996//46 1033//46 1032//46 995//46
f 997//36 1034//36 1033//36 996//36
f 998//35 1035//35 1034//35 997//35
f 999//34 1036//34 1035//34 998//34
f 1000//25 1037//25 1036//25 999//25
f 1001//26 1038//26 1037//26 1000//26
f 1002//27 1039//27 1038//27 1001//27
f 1003//17 1040//17 1039//17 1002//17
f 1004//16 1041//16 1040//16 1003//16
f 1005//15 1150//15 1041//15 1004//15
f 1007//261 1042//261 933//261 1006//261
f 1008//262 1043//262 1042//262 1007//262
f 1009//263 1044//263 1043//263 1008//263
f 1010//264 1045//264 1044//264 1009//264
f 1011//265 1046//265 1045//265 1010//265
f 1012//266 1047//266 1046//266 1011//266
f 1013//267 1048//267 1047//267 1012//267
f 1014//268 1049//268 1048//268 1013//268
f 1015//269 1050//269 1049//269 1014//269
f 1016//270 1051//270 1050//270 1015//270
f 1017//271 1052//271 1051//271 1016//271
f 1018//272 1053//272 1052//272 1017//272
f 1019//273 1054//273 1053//273 1018//273
f 1020//274 1055//274 1054//274 1019//274
f 1021//275 1056//275 1055//275 1020//275
f 1022//276 1057//276 1056//276 1021//276
f 1023//277 1058//277 1057//277 1022//277
f 1024//278 1059//278 1058//278 1023//278
f 1025//279 1060//279 1059//279 1024//279
f 1026//280 1061//280 1060//280 1025//280
f 1027//281 1062//281 1061//281 1026//281
f 1028//282 1063//282 1062//282 1027//282
f 1029//283 1064//283 1063//283 1028//283
f 1030//284 1065//284 1064//284 1029//284
f 1031//285 1066//285 1065//285 1030//285
f 1032//286 1067//286 1066//286 1031//286
f 1033//287 1068//287 1067//287 1032//287
f 1034//288 1069//288 1068//288 1033//288
f 1035//289 1070//289 1069//289 1034//289
f 1036//290 1071//290 1070//290 1035//290
f 1037//291 1072//291 1071//291 1036//291
f 1038//292 1073//292 1072//292 1037//292
f 1039//293 1074//293 1073//293 1038//293
f 1040//294 1075//294 1074//294 1039//294
f 1041//295 1076//295 1075//295 1040//295
f 1150//296 1077//296 1076//296 1041//296
f 1042//6 1078//6 969//6 933//6
f 1043//7 1079//7 1078//7 1042//7
f 1044//8 1080//8 1079//8 1043//8
f 1045//113 1081//113 1080//113 1044//113
f 1046//112 1082//112 1081//112 1045//112
f 1047//111 1083//111 1082//111 1046//111
f 1048//102 1084//102 1083//102 1047//102
f 1049//103 1085//103 1084//103 1048//103
f 1050//104 1086//104 1085//104 1049//104
f 1051//94 1087//94 1086//94 1050//94
f 1052//93 1088//93 1087//93 1051//93
f 1053//92 1089//92 1088//92 1052//92
f 1054//83 1090//83 1089//83 1053//83
f 1055//84 1091//84 1090//84 1054//84
f 1056//85 1092//85 1091//85 1055//85
f 1057//75 1093//75 1092//75 1056//75
f 1058//74 1094//74 1093//74 1057//74
f 1059//73 1095//73 1094//73 1058//73
f 1060//63 1096//63 1095//63 1059//63
f 1061//64 1097//64 1096//64 1060//64
f 1062//65 1098//65 1097//65 1061//65
f 1063//55 1099//55 1098//55 1062//55
f 1064//54 1100//54 1099//54 1063//54
f 1065//53 1101//53 1100//53 1064//53
f 1066//44 1102//44 1101//44 1065//44
f 1067//45 1103//45 1102//45 1066//45
f 1068//46 1104//46 1103//46 1067//46
f 1069//36 1105//36 1104//36 1068//36
f 1070//35 1106//35 1105//35 1069//35
f 1071//34 1107//34 1106//34 1070//34
f 1072//25 1108//25 1107//25 1071//25
f 1073//26 1109//26 1108//26 1072//26
f 1074//27 1110//27 1109//27 1073//27
f 1075//17 1111//17 1110//17 1074//17
f 1076//16 1112//16 1111//16 1075//16
f 1077//15 1113//15 1112//15 1076//15
f 1078//225 1114//225 1005//225 969//225
f 1079//226 1115//226 1114//226 1078//226
f 1080//227 1116//227 1115//227 1079//227
f 1081//228 1117//228 1116//228 1080//228
f 1082//229 1118//229 1117//229 1081//229
f 1083//230 1119//230 1118//230 1082//230
f 1084//231 1120//231 1119//231 1083//231
f 1085//232 1121//232 1120//232 1084//232
f 1086//233 1122//233 1121//233 1085//233
f 1087//234 1123//234 1122//234 1086//234
f 1088//235 1124//235 1123//235 1087//235
f 1089//236 1125//236 1124//236 1088//236
f 1090//237 1126//237 1125//237 1089//237
f 1091//238 1127//238 1126//238 1090//238
f 1092//239 1128//239 1127//239 1091//239
f 1093//240 1129//240 1128//240 1092//240
f 1094//241 1130//241 1129//241 1093//241
f 1095//242 1131//242 1130//242 1094//242
f 1096//243 1132//243 1131//243 1095//243
f 1097//244 1133//244 1132//244 1096//244
f 1098//245 1134//245 1133//245 1097//245
f 1099//246 1135//246 1134//246 1098//246
f 1100//247 1136//247 1135//247 1099//247
f 1101//248 1137//248 1136//248 1100//248
f 1102//249 1138//249 1137//249 1101//249
f 1103//250 1139//250 1138//250 1102//250
f 1104//251 1140//251 1139//251 1103//251
f 1105//252 1141//252 1140//252 1104//252
f 1106//253 1142//253 1141//253 1105//253
f 1107//254 1143//254 1142//254 1106//254
f 1108//255 1144//255 1143//255 1107//255
f 1109//256 1145//256 1144//256 1108//256
f 1110//257 1146//257 1145//257 1109//257
f 1111//258 1147//258 1146//258 1110//258
f 1112//259 1148//259 1147//259 1111//259
f 1113//260 1149//260 1148//260 1112//260
f 1114//6 1151//6 1150//6 1005//6
f 1115//7 1152//7 1151//7 1114//7
f 1116//8 1153//8 1152//8 1115//8
f 1117//113 1154//113 1153//113 1116//113
f 1118//112 1155//112 1154//112 1117//112
f 1119//111 1156//111 1155//111 1118//111
f 1120//102 1157//102 1156//102 1119//102
f 1121//103 1158//103 1157//103 1120//103
f 1122//104 1159//104 1158//104 1121//104
f 1123//94 1160//94 1159//94 1122//94
f 1124//93 1161//93 1160//93 1123//93
f 1125//92 1162//92 1161//92 1124//92
f 1126//83 1163//83 1162//83 1125//83
f 1127//84 1164//84 1163//84 1126//84
f 1128//85 1165//85 1164//85 1127//85
f 1129//75 1166//75 1165//75 1128//75
f 1130//74 1167//74 1166//74 1129//74
f 1131//73 1168//73 1167//73 1130//73
f 1132//63 1169//63 1168//63 1131//63
f 1133//64 1170//64 1169//64 1132//64
f 1134//65 1171//65 1170//65 1133//65
f 1135//55 1172//55 1171//55 1134//55
f 1136//54 1173//54 1172//54 1135//54
f 1137//53 1174//53 1173//53 1136//53
f 1138//44 1175//44 1174//44 1137//44
f 1139//45 1176//45 1175//45 1138//45
f 1140//46 1177//46 1176//46 1139//46
f 1141//36 1178//36 1177//36 1140//36
f 1142//35 1179//35 1178//35 1141//35
f 1143//34 1180//34 1179//34 1142//34
f 1144//25 1181//25 1180//25 1143//25
f 1145//26 1182//26 1181//26 1144//26
f 1146//27 1183//27 1182//27 1145//27
f 1147//17 1184//17 1183//17 1146//17
f 1148//16 1185//16 1184//16 1147//16
f 1149//15 1186//15 1185//15 1148//15
f 1151//261 1187//261 1077//261 1150//261
f 1152//262 1188//262 1187//262 1151//262
f 1153//263 1189//263 1188//263 1152//263
f 1154//264 1190//264 1189//264 1153//264
f 1155//265 1191//265 1190//265 1154//265
f 1156//266 1192//266 1191//266 1155//266
f 1157//267 1193//267 1192//267 1156//267
f 1158//268 1194//268 1193//268 1157//268
f 1159//269 1195//269 1194//269 1158//269
f 1160//270 1196//270 1195//270 1159//270
f 1161//271 1197//271 1196//271 1160//271
f 1162//272 1198//272 1197//272 1161//272
f 1163//273 1199//273 1198//273 1162//273
f 1164//274 1200//274 1199//274 1163//274
f 1165//275 1201//275 1200//275 1164//275
f 1166//276 1202//276 1201//276 1165//276
f 1167//277 1203//277 1202//277 1166//277
f 1168//278 1204//278 1203//278 1167//278
f 1169//279 1205//279 1204//279 1168//279
f 1170//280 1206//280 1205//280 1169//280
f 1171//281 1207//281 1206//281 1170//281
f 1172//282 1208//282 1207//282 1171//282
f 1173//283 1209//283 1208//283 1172//283
f 1174//284 1210//284 1209//284 1173//284
f 1175//285 1211//285 1210//285 1174//285
f 1176//286 1212//286 1211//286 1175//286
f 1177//287 1213//287 1212//287 1176//287
f 1178//288 1214//288 1213//288 1177//288
f 1179//289 1215//289 1214//289 1178//289
f 1180//290 1216//290 1215//290 1179//290
f 1181//291 1217//291 1216//291 1180//291
f 1182//292 1218//292 1217//292 1181//292
f 1183//293 1219//293 1218//293 1182//293
f 1184//294 1220//294 1219//294 1183//294
f 1185//295 1221//295 1220//295 1184//295
f 1186//296 1328//296 1221//296 1185//296
f 1187//6 1222//6 1113//6 1077//6
f 1188//7 1223//7 1222//7 1187//7
f 1189//8 1224//8 1223//8 1188//8
f 1190//113 1225//113 1224//113 1189//113
f 1191//112 1226//112 1225//112 1190//112
f 1192//111 1227//111 1226//111 1191//111
f 1193//102 1228//102 1227//102 1192//102
f 1194//103 1229//103 1228//103 1193//103
f 1195//104 1230//104 1229//104 1194//104
f 1196//94 1231//94 1230//94 1195//94
f 1197//93 1232//93 1231//93 1196//93
f 1198//92 1233//92 1232//92 1197//92
f 1199//83 1234//83 1233//83 1198//83
f 1200//84 1235//84 1234//84 1199//84
f 1201//85 1236//85 1235//85 1200//85
f 1202//75 1237//75 1236//75 1201//75
f 1203//74 1238//74 1237//74 1202//74
f 1204//73 1239//73 1238//73 1203//73
f 1205//63 1240//63 1239//63 1204//63
f 1206//64 1241//64 1240//64 1205//64
f 1207//65 1242//65 1241//65 1206//65
f 1208//55 1243//55 1242//55 1207//55
f 1209//54 1244//54 1243//54 1208//54
f 1210//53 1245//53 1244//53 1209//53
f 1211//44 1246//44 1245//44 1210//44
f 1212//45 1247//45 1246//45 1211//45
f 1213//46 1248//46 1247//46 1212//46
f 1214//36 1249//36 1248//36 1213//36
f 1215//35 1250//35 1249//35 1214//35
f 1216//34 1251//34 1250//34 1215//34
f 1217//25 1252//25 1251//25 1216//25
f 1218//26 1253//26 1252//26 1217//26
f 1219//27 1254//27 1253//27 1218//27
f 1220//17 1255//17 1254//17 1219//17
f 1221//16 1256//16 1255//16 1220//16
f 1328//15 1365//15 1256//15 1221//15
f 1222//225 1257//225 1149//225 1113//225
f 1223//226 1258//226 1257//226 1222//226
f 1224//227 1259//227 1258//227 1223//227
f 1225//228 1260//228 1259//228 1224//228
f 1226//229 1261//229 1260//229 1225//229
f 1227//230 1262//230 1261//230 1226//230
f 1228//231 1263//231 1262//231 1227//231
f 1229//232 1264//232 1263//232 1228//232
f 1230//233 1265//233 1264//233 1229//233
f 1231//234 1266//234 1265//234 1230//234
f 1232//235 1267//235 1266//235 1231//235
f 1233//236 1268//236 1267//236 1232//236
f 1234//237 1269//237 1268//237 1233//237
f 1235//238 1270//238 1269//238 1234//238
f 1236//239 1271//239 1270//239 1235//239
f 1237//240 1272//240 1271//240 1236//240
f 1238//241 1273//241 1272//241 1237//241
f 1239//242 1274//242 1273//242 1238//242
f 1240//243 1275//243 1274//243 1239//243
f 1241//244 1276//244 1275//244 1240//244
f 1242//245 1277//245 1276//245 1241//245
f 1243//246 1278//246 1277//246 1242//246
f 1244//247 1279//247 1278//247 1243//247
f 1245//248 1280//248 1279//248 1244//248
f 1246//249 1281//249 1280//249 1245//249
f 1247//250 1282//250 1281//250 1246//250
f 1248//251 1283//251 1282//251 1247//251
f 1249//252 1284//252 1283//252 1248//252
f 1250//253 1285//253 1284//253 1249//253
f 1251//254 1286//254 1285//254 1250//254
f 1252//255 1287//255 1286//255 1251//255
f 1253//256 1288//256 1287//256 1252//256
f 1254//257 1289//257 1288//257 1253//257
f 1255//258 1290//258 1289//258 1254//258
f 1256//259 1291//259 1290//259 1255//259
f 1365//260 1401//260 1291//260 1256//260
f 1257//6 1292//6 1186//6 1149//6
f 1258//7 1293//7 1292//7 1257//7
f 1259//8 1294//8 1293//8 1258//8
f 1260//113 1295//113 1294//113 1259//113
f 1261//112 1296//112 1295//112 1260//112
f 1262//111 1297//111 1296//111 1261//111
f 1263//102 1298//102 1297//102 1262//102
f 1264//103 1299//103 1298//103 1263//103
f 1265//104 1300//104 1299//104 1264//104
f 1266//94 1301//94 1300//94 1265//94
f 1267//93 1302//93 1301//93 1266//93
f 1268//92 1303//92 1302//92 1267//92
f 1269//83 1304//83 1303//83 1268//83
f 1270//84 1305//84 1304//84 1269//84
f 1271//85 1306//85 1305//85 1270//85
f 1272//75 1307//75 1306//75 1271//75
f 1273//74 1308//74 1307//74 1272//74
f 1274//73 1309//73 1308//73 1273//73
f 1275//63 1310//63 1309//63 1274//63
f 1276//64 1311//64 1310//64 1275//64
f 1277//65 1312//65 1311//65 1276//65
f 1278//55 1313//55 1312//55 1277//55
f 1279//54 1314//54 1313//54 1278//54
f 1280//53 1315//53 1314//53 1279//53
f 1281//44 1316//44 1315//44 1280//44
f 1282//45 1317//45 1316//45 1281//45
f 1283//46 1318//46 1317//46 1282//46
f 1284//36 1319//36 1318//36 1283//36
f 1285//35 1320//35 1319//35 1284//35
f 1286//34 1321//34 1320//34 1285//34
f 1287//25 1322//25 1321//25 1286//25
f 1288//26 1323//26 1322//26 1287//26
f 1289//27 1324//27 1323//27 1288//27
f 1290//17 1325//17 1324//17 1289//17
f 1291//16 1326//16 1325//16 1290//16
f 1401//15 1327//15 1326//15 1291//15
f 1292//261 1329//261 1328//261 1186//261
f 1293//262 1330//262 1329//262 1292//262
f 1294//263 1331//263 1330//263 1293//263
f 1295//264 1332//264 1331//264 1294//264
f 1296//265 1333//265 1332//265 1295//265
f 1297//266 1334//266 1333//266 1296//266
f 1298//267 1335//267 1334//267 1297//267
f 1299//268 1336//268 1335//268 1298//268
f 1300//269 1337//269 1336//269 1299//269
f 1301//270 1338//270 1337//270 1300//270
f 1302//271 1339//271 1338//271 1301//271
f 1303//272 1340//272 1339//272 1302//272
f 1304//273 1341//273 1340//273 1303//273
f 1305//274 1342//274 1341//274 1304//274
f 1306//275 1343//275 1342//275 1305//275
f 1307//276 1344//276 1343//276 1306//276
f 1308//277 1345//277 1344//277 1307//277
f 1309//278 1346//278 1345//278 1308//278
f 1310//279 1347//279 1346//279 1309//279
f 1311//280 1348//280 1347//280 1310//280
f 1312//281 1349//281 1348//281 1311//281
f 1313//282 1350//282 1349//282 1312//282
f 1314//283 1351//283 1350//283 1313//283
f 1315//284 1352//284 1351//284 1314//284
f 1316//285 1353//285 1352//285 1315//285
f 1317//286 1354//286 1353//286 1316//286
f 1318//287 1355//287 1354//287 1317//287
f 1319//288 1356//288 1355//288 1318//288
f 1320//289 1357//289 1356//289 1319//289
f 1321//290 1358//290 1357//290 1320//290
f 1322//291 1359//291 1358//291 1321//291
f 1323//292 1360//292 1359//292 1322//292
f 1324//293 1361//293 1360//293 1323//293
f 1325//294 1362//294 1361//294 1324//294
f 1326//295 1363//295 1362//295 1325//295
f 1327//296 1364//296 1363//296 1326//296
f 1329//6 1366//6 1365//6 1328//6
f 1330//7 1367//7 1366//7 1329//7
f 1331//8 1368//8 1367//8 1330//8
f 1332//113 1369//113 1368//113 1331//113
f 1333//112 1370//112 1369//112 1332//112
f 1334//111 1371//111 1370//111 1333//111
f 1335//102 1372//102 1371//102 1334//102
f 1336//103 1373//103 1372//103 1335//103
f 1337//104 1374//104 1373//104 1336//104
f 1338//94 1375//94 1374//94 1337//94
f 1339//93 1376//93 1375//93 1338//93
f 1340//92 1377//92 1376//92 1339//92
f 1341//83 1378//83 1377//83 1340//83
f 1342//84 1379//84 1378//84 1341//84
f 1343//85 1380//85 1379//85 1342//85
f 1344//75 1381//75 1380//75 1343//75
f 1345//74 1382//74 1381//74 1344//74
f 1346//73 1383//73 1382//73 1345//73
f 1347//63 1384//63 1383//63 1346//63
f 1348//64 1385//64 1384//64 1347//64
f 1349//65 1386//65 1385//65 1348//65
f 1350//55 1387//55 1386//55 1349//55
f 1351//54 1388//54 1387//54 1350//54
f 1352//53 1389//53 1388//53 1351//53
f 1353//44 1390//44 1389//44 1352//44
f 1354//45 1391//45 1390//45 1353//45
f 1355//46 1392//46 1391//46 1354//46
f 1356//36 1393//36 1392//36 1355//36
f 1357//35 1394//35 1393//35 1356//35
f 1358//34 1395//34 1394//34 1357//34
f 1359//25 1396//25 1395//25 1358//25
f 1360//26 1397//26 1396//26 1359//26
f 1361//27 1398//27 1397//27 1360//27
f 1362//17 1399//17 1398//17 1361//17
f 1363//16 1400//16 1399//16 1362//16
f 1364//15 1510//15 1400//15 1363//15
f 1366//225 1402//225 1401//225 1365//225
f 1367//226 1403//226 1402//226 1366//226
f 1368//227 1404//227 1403//227 1367//227
f 1369//228 1405//228 1404//228 1368//228
f 1370//229 1406//229 1405//229 1369//229
f 1371//230 1407//230 1406//230 1370//230
f 1372//231 1408//231 1407//231 1371//231
f 1373//232 1409//232 1408//232 1372//232
f 1374//233 1410//233 1409//233 1373//233
f 1375//234 1411//234 1410//234 1374//234
f 1376//235 1412//235 1411//235 1375//235
f 1377//236 1413//236 1412//236 1376//236
f 1378//237 1414//237 1413//237 1377//237
f 1379//238 1415//238 1414//238 1378//238
f 1380//239 1416//239 1415//239 1379//239
f 1381//240 1417//240 1416//240 1380//240
f 1382//241 1418//241 1417//241 1381//241
f 1383//242 1419//242 1418//242 1382//242
f 1384//243 1420//243 1419//243 1383//243
f 1385//244 1421//244 1420//244 1384//244
f 1386//245 1422//245 1421//245 1385//245
f 1387//246 1423//246 1422//246 1386//246
f 1388//247 1424//247 1423//247 1387//247
f 1389//248 1425//248 1424//248 1388//248
f 1390//249 1426//249 1425//249 1389//249
f 1391//250 1427//250 1426//250 1390//250
f 1392//251 1428//251 1427//251 1391//251
f 1393//252 1429//252 1428//252 1392//252
f 1394//253 1430//253 1429//253 1393//253
f 1395//254 1431//254 1430//254 1394//254
f 1396//255 1432//255 1431//255 1395//255
f 1397//256 1433//256 1432//256 1396//256
f 1398//257 1434//257 1433//257 1397//257
f 1399//258 1435//258 1434//258 1398//258
f 1400//259 1436//259 1435//259 1399//259
f 1510//260 1437//260 1436//260 1400//260
f 1402//6 1438//6 1327//6 1401//6
f 1403//7 1439//7 1438//7 1402//7
f 1404//8 1440//8 1439//8 1403//8
f 1405//113 1441//113 1440//113 1404//113
f 1406//112 1442//112 1441//112 1405//112
f 1407//111 1443//111 1442//111 1406//111
f 1408//102 1444//102 1443//102 1407//102
f 1409//103 1445//103 1444//103 1408//103
f 1410//104 1446//104 1445//104 1409//104
f 1411//94 1447//94 1446//94 1410//94
f 1412//93 1448//93 1447//93 1411//93
f 1413//92 1449//92 1448//92 1412//92
f 1414//83 1450//83 1449//83 1413//83
f 1415//84 1451//84 1450//84 1414//84
f 1416//85 1452//85 1451//85 1415//85
f 1417//75 1453//75 1452//75 1416//75
f 1418//74 1454//74 1453//74 1417//74
f 1419//73 1455//73 1454//73 1418//73
f 1420//63 1456//63 1455//63 1419//63
f 1421//64 1457//64 1456//64 1420//64
f 1422//65 1458//65 1457//65 1421//65
f 1423//55 1459//55 1458//55 1422//55
f 1424//54 1460//54 1459//54 1423//54
f 1425//53 1461//53 1460//53 1424//53
f 1426//44 1462//44 1461//44 1425//44
f 1427//45 1463//45 1462//45 1426//45
f 1428//46 1464//46 1463//46 1427//46
f 1429//36 1465//36 1464//36 1428//36
f 1430//35 1466//35 1465//35 1429//35
f 1431//34 1467//34 1466//34 1430//34
f 1432//25 1468//25 1467//25 1431//25
f 1433//26 1469//26 1468//26 1432//26
f 1434//27 1470//27 1469//27 1433//27
f 1435//17 1471//17 1470//17 1434//17
f 1436//16 1472//16 1471//16 1435//16
f 1437//15 1473//15 1472//15 1436//15
f 1438//261 1474//261 1364//261 1327//261
f 1439//262 1475//262 1474//262 1438//262
f 1440//263 1476//263 1475//263 1439//263
f 1441//264 1477//264 1476//264 1440//264
f 1442//265 1478//265 1477//265 1441//265
f 1443//266 1479//266 1478//266 1442//266
f 1444//267 1480//267 1479//267 1443//267
f 1445//268 1481//268 1480//268 1444//268
f 1446//269 1482//269 1481//269 1445//269
f 1447//270 1483//270 1482//270 1446//270
f 1448//271 1484//271 1483//271 1447//271
f 1449//272 1485//272 1484//272 1448//272
f 1450//273 1486//273 1485//273 1449//273
f 1451//274 1487//274 1486//274 1450//274
f 1452//275 1488//275 1487//275 1451//275
f 1453//276 1489//276 1488//276 1452//276
f 1454//277 1490//277 1489//277 1453//277
f 1455//278 1491//278 1490//278 1454//278
f 1456//279 1492//279 1491//279 1455//279
f 1457//280 1493//280 1492//280 1456//280
f 1458//281 1494//281 1493//281 1457//281
f 1459//282 1495//282 1494//282 1458//282
f 1460//283 1496//283 1495//283 1459//283
f 1461//284 1497//284 1496//284 1460//284
f 1462//285 1498//285 1497//285 1461//285
f 1463//286 1499//286 1498//286 1462//286
f 1464//287 1500//287 1499//287 1463//287
f 1465//288 1501//288 1500//288 1464//288
f 1466//289 1502//289 1501//289 1465//289
f 1467//290 1503//290 1502//290 1466//290
f 1468//291 1504//291 1503//291 1467//291
f 1469//292 1505//292 1504//292 1468//292
f 1470//293 1506//293 1505//293 1469//293
f 1471//294 1507//294 1506//294 1470//294
f 1472//295 1508//295 1507//295 1471//295
f 1473//296 1509//296 1508//296 1472//296
f 1474//6 1511//6 1510//6 1364//6
f 1475//7 1512//7 1511//7 1474//7
f 1476//8 1513//8 1512//8 1475//8
f 1477//113 1514//113 1513//113 1476//113
f 1478//112 1515//112 1514//112 1477//112
f 1479//111 1516//111 1515//111 1478//111
f 1480//102 1517//102 1516//102 1479//102
f 1481//103 1518//103 1517//103 1480//103
f 1482//104 1519//104 1518//104 1481//104
f 1483//94 1520//94 1519//94 1482//94
f 1484//93 1521//93 1520//93 1483//93
f 1485//92 1522//92 1521//92 1484//92
f 1486//83 1523//83 1522//83 1485//83
f 1487//84 1524//84 1523//84 1486//84
f 1488//85 1525//85 1524//85 1487//85
f 1489//75 1526//75 1525//75 1488//75
f 1490//74 1527//74 1526//74 1489//74
f 1491//73 1528//73 1527//73 1490//73
f 1492//63 1529//63 1528//63 1491//63
f 1493//64 1530//64 1529//64 1492//64
f 1494//65 1531//65 1530//65 1493//65
f 1495//55 1532//55 1531//55 1494//55
f 1496//54 1533//54 1532//54 1495//54
f 1497//53 1534//53 1533//53 1496//53
f 1498//44 1535//44 1534//44 1497//44
f 1499//45 1536//45 1535//45 1498//45
f 1500//46 1537//46 1536//46 1499//46
f 1501//36 1538//36 1537//36 1500//36
f 1502//35 1539//35 1538//35 1501//35
f 1503//34 1540//34 1539//34 1502//34
f 1504//25 1541//25 1540//25 1503//25
f 1505//26 1542//26 1541//26 1504//26
f 1506//27 1543//27 1542//27 1505//27
f 1507//17 1544//17 1543//17 1506//17
f 1508//16 1545//16 1544//16 1507//16
f 1509//15 1546//15 1545//15 1508//15
f 1511//225 1547//225 1437//225 1510//225
f 1512//226 1548//226 1547//226 1511//226
f 1513//227 1549//227 1548//227 1512//227
f 1514//228 1550//228 1549//228 1513//228
f 1515//229 1551//229 1550//229 1514//229
f 1516//230 1552//230 1551//230 1515//230
f 1517//231 1553//231 1552//231 1516//231
f 1518//232 1554//232 1553//232 1517//232
f 1519//233 1555//233 1554//233 1518//233
f 1520//234 1556//234 1555//234 1519//234
f 1521//235 1557//235 1556//235 1520//235
f 1522//236 1558//236 1557//236 1521//236
f 1523//237 1559//237 1558//237 1522//237
f 1524//238 1560//238 1559//238 1523//238
f 1525//239 1561//239 1560//239 1524//239
f 1526//240 1562//240 1561//240 1525//240
f 1527//241 1563//241 1562//241 1526//241
f 1528//242 1564//242 1563//242 1527//242
f 1529//243 1565//243 1564//243 1528//243
f 1530//244 1566//244 1565//244 1529//244
f 1531//245 1567//245 1566//245 1530//245
f 1532//246 1568//246 1567//246 1531//246
f 1533//247 1569//247 1568//247 1532//247
f 1534//248 1570//248 1569//248 1533//248
f 1535//249 1571//249 1570//249 1534//249
f 1536//250 1572//250 1571//250 1535//250
f 1537//251 1573//251 1572//251 1536//251
f 1538//252 1574//252 1573//252 1537//252
f 1539//253 1575//253 1574//253 1538//253
f 1540//254 1576//254 1575//254 1539//254
f 1541//255 1577//255 1576//255 1540//255
f 1542//256 1578//256 1577//256 1541//256
f 1543//257 1579//257 1578//257 1542//257
f 1544//258 1580//258 1579//258 1543//258
f 1545//259 1581//259 1580//259 1544//259
f 1546//260 1582//260 1581//260 1545//260
f 1547//6 1583//6 1473//6 1437//6
f 1548//7 1584//7 1583//7 1547//7
f 1549//8 1585//8 1584//8 1548//8
f 1550//113 1586//113 1585//113 1549//113
f 1551//112 1587//112 1586//112 1550//112
f 1552//111 1588//111 1587//111 1551//111
f 1553//102 1589//102 1588//102 1552//102
f 1554//103 1590//103 1589//103 1553//103
f 1555//104 1591//104 1590//104 1554//104
f 1556//94 1592//94 1591//94 1555//94
f 1557//93 1593//93 1592//93 1556//93
f 1558//92 1594//92 1593//92 1557//92
f 1559//83 1595//83 1594//83 1558//83
f 1560//84 1596//84 1595//84 1559//84
f 1561//85 1597//85 1596//85 1560//85
f 1562//75 1598//75 1597//75 1561//75
f 1563//74 1599//74 1598//74 1562//74
f 1564//73 1600//73 1599//73 1563//73
f 1565//63 1601//63 1600//63 1564//63
f 1566//64 1602//64 1601//64 1565//64
f 1567//65 1603//65 1602//65 1566//65
f 1568//55 1604//55 1603//55 1567//55
f 1569//54 1605//54 1604//54 1568//54
f 1570//53 1606//53 1605//53 1569//53
f 1571//44 1607//44 1606//44 1570//44
f 1572//45 1608//45 1607//45 1571//45
f 1573//46 1609//46 1608//46 1572//46
f 1574//36 1610//36 1609//36 1573//36
f 1575//35 1611//35 1610//35 1574//35
f 1576//34 1612//34 1611//34 1575//34
f 1577//25 1613//25 1612//25 1576//25
f 1578//26 1614//26 1613//26 1577//26
f 1579//27 1615//27 1614//27 1578//27
f 1580//17 1616//17 1615//17 1579//17
f 1581//16 1617//16 1616//16 1580//16
f 1582//15 1618//15 1617//15 1581//15
f 1583//261 1619//261 1509//261 1473//261
f 1584//262 1620//262 1619//262 1583//262
f 1585//263 1621//263 1620//263 1584//263
f 1586//264 1622//264 1621//264 1585//264
f 1587//265 1623//265 1622//265 1586//265
f 1588//266 1624//266 1623//266 1587//266
f 1589//267 1625//267 1624//267 1588//267
f 1590//268 1626//268 1625//268 1589//268
f 1591//269 1627//269 1626//269 1590//269
f 1592//270 1628//270 1627//270 1591//270
f 1593//271 1629//271 1628//271 1592//271
f 1594//272 1630//272 1629//272 1593//272
f 1595//273 1631//273 1630//273 1594//273
f 1596//274 1632//274 1631//274 1595//274
f 1597//275 1633//275 1632//275 1596//275
f 1598//276 1634//276 1633//276 1597//276
f 1599//277 1635//277 1634//277 1598//277
f 1600//278 1636//278 1635//278 1599//278
f 1601//279 1637//279 1636//279 1600//279
f 1602//280 1638//280 1637//280 1601//280
f 1603//281 1639//281 1638//281 1602//281
f 1604//282 1640//282 1639//282 1603//282
f 1605//283 1641//283 1640//283 1604//283
f 1606//284 1642//284 1641//284 1605//284
f 1607//285 1643//285 1642//285 1606//285
f 1608//286 1644//286 1643//286 1607//286
f 1609//287 1645//287 1644//287 1608//287
f 1610//288 1646//288 1645//288 1609//288
f 1611//289 1647//289 1646//289 1610//289
f 1612//290 1648//290 1647//290 1611//290
f 1613//291 1649//291 1648//291 1612//291
f 1614//292 1650//292 1649//292 1613//292
f 1615//293 1651//293 1650//293 1614//293
f 1616//294 1652//294 1651//294 1615//294
f 1617//295 1653//295 1652//295 1616//295
f 1618//296 1762//296 1653//296 1617//296
f 1619//6 1654//6 1546//6 1509//6
f 1620//7 1655//7 1654//7 1619//7
f 1621//8 1656//8 1655//8 1620//8
f 1622//113 1657//113 1656//113 1621//113
f 1623//112 1658//112 1657//112 1622//112
f 1624//111 1659//111 1658//111 1623//111
f 1625//102 1660//102 1659//102 1624//102
f 1626//103 1661//103 1660//103 1625//103
f 1627//104 1662//104 1661//104 1626//104
f 1628//94 1663//94 1662//94 1627//94
f 1629//93 1664//93 1663//93 1628//93
f 1630//92 1665//92 1664//92 1629//92
f 1631//83 1666//83 1665//83 1630//83
f 1632//84 1667//84 1666//84 1631//84
f 1633//85 1668//85 1667//85 1632//85
f 1634//75 1669//75 1668//75 1633//75
f 1635//74 1670//74 1669//74 1634//74
f 1636//73 1671//73 1670//73 1635//73
f 1637//63 1672//63 1671//63 1636//63
f 1638//64 1673//64 1672//64 1637//64
f 1639//65 1674//65 1673//65 1638//65
f 1640//55 1675//55 1674//55 1639//55
f 1641//54 1676//54 1675//54 1640//54
f 1642//53 1677//53 1676//53 1641//53
f 1643//44 1678//44 1677//44 1642//44
f 1644//45 1679//45 1678//45 1643//45
f 1645//46 1680//46 1679//46 1644//46
f 1646//36 1681//36 1680//36 1645//36
f 1647//35 1682//35 1681//35 1646//35
f 1648//34 1683//34 1682//34 1647//34
f 1649//25 1684//25 1683//25 1648//25
f 1650//26 1685//26 1684//26 1649//26
f 1651//27 1686//27 1685//27 1650//27
f 1652//17 1687//17 1686//17 1651//17
f 1653//16 1688//16 1687//16 1652//16
f 1762//15 1689//15 1688//15 1653//15
f 1654//225 1690//225 1582//225 1546//225
f 1655//226 1691//226 1690//226 1654//226
f 1656//227 1692//227 1691//227 1655//227
f 1657//228 1693//228 1692//228 1656//228
f 1658//229 1694//229 1693//229 1657//229
f 1659//230 1695//230 1694//230 1658//230
f 1660//231 1696//231 1695//231 1659//231
f 1661//232 1697//232 1696//232 1660//232
f 1662//233 1698//233 1697//233 1661//233
f 1663//234 1699//234 1698//234 1662//234
f 1664//235 1700//235 1699//235 1663//235
f 1665//236 1701//236 1700//236 1664//236
f 1666//237 1702//237 1701//237 1665//237
f 1667//238 1703//238 1702//238 1666//238
f 1668//239 1704//239 1703//239 1667//239
f 1669//240 1705//240 1704//240 1668//240
f 1670//241 1706//241 1705//241 1669//241
f 1671//242 1707//242 1706//242 1670//242
f 1672//243 1708//243 1707//243 1671//243
f 1673//244 1709//244 1708//244 1672//244
f 1674//245 1710//245 1709//245 1673//245
f 1675//246 1711//246 1710//246 1674//246
f 1676//247 1712//247 1711//247 1675//247
f 1677//248 1713//248 1712//248 1676//248
f 1678//249 1714//249 1713//249 1677//249
f 1679//250 1715//250 1714//250 1678//250
f 1680//251 1716//251 1715//251 1679//251
f 1681//252 1717//252 1716//252 1680//252
f 1682//253 1718//253 1717//253 1681//253
f 1683//254 1719//254 1718//254 1682//254
f 1684//255 1720//255 1719//255 1683//255
f 1685//256 1721//256 1720//256 1684//256
f 1686//257 1722//257 1721//257 1685//257
f 1687//258 1723//258 1722//258 1686//258
f 1688//259 1724//259 1723//259 1687//259
f 1689//260 1725//260 1724//260 1688//260
f 1690//6 1726//6 1618//6 1582//6
f 1691//7 1727//7 1726//7 1690//7
f 1692//8 1728//8 1727//8 1691//8
f 1693//113 1729//113 1728//113 1692//113
f 1694//112 1730//112 1729//112 1693//112
f 1695//111 1731//111 1730//111 1694//111
f 1696//102 1732//102 1731//102 1695//102
f 1697//103 1733//103 1732//103 1696//103
f 1698//104 1734//104 1733//104 1697//104
f 1699//94 1735//94 1734//94 1698//94
f 1700//93 1736//93 1735//93 1699//93
f 1701//92 1737//92 1736//92 1700//92
f 1702//83 1738//83 1737//83 1701//83
f 1703//84 1739//84 1738//84 1702//84
f 1704//85 1740//85 1739//85 1703//85
f 1705//75 1741//75 1740//75 1704//75
f 1706//74 1742//74 1741//74 1705//74
f 1707//73 1743//73 1742//73 1706//73
f 1708//63 1744//63 1743//63 1707//63
f 1709//64 1745//64 1744//64 1708//64
f 1710//65 1746//65 1745//65 1709//65
f 1711//55 1747//55 1746//55 1710//55
f 1712//54 1748//54 1747//54 1711//54
f 1713//53 1749//53 1748//53 1712//53
f 1714//44 1750//44 1749//44 1713//44
f 1715//45 1751//45 1750//45 1714//45
f 1716//46 1752//46 1751//46 1715//46
f 1717//36 1753//36 1752//36 1716//36
f 1718//35 1754//35 1753//35 1717//35
f 1719//34 1755//34 1754//34 1718//34
f 1720//25 1756//25 1755//25 1719//25
f 1721//26 1757//26 1756//26 1720//26
f 1722//27 1758//27 1757//27 1721//27
f 1723//17 1759//17 1758//17 1722//17
f 1724//16 1760//16 1759//16 1723//16
f 1725//15 1761//15 1760//15 1724//15
f 1726//261 1763//261 1762//261 1618//261
f 1727//262 1764//262 1763//262 1726//262
f 1728//263 1765//263 1764//263 1727//263
f 1729//264 1766//264 1765//264 1728//264
f 1730//265 1767//265 1766//265 1729//265
f 1731//266 1768//266 1767//266 1730//266
f 1732//267 1769//267 1768//267 1731//267
f 1733//268 1770//268 1769//268 1732//268
f 1734//269 1771//269 1770//269 1733//269
f 1735//270 1772//270 1771//270 1734//270
f 1736//271 1773//271 1772//271 1735//271
f 1737//272 1774//272 1773//272 1736//272
f 1738//273 1775//273 1774//273 1737//273
f 1739//274 1776//274 1775//274 1738//274
f 1740//275 1777//275 1776//275 1739//275
f 1741//276 1778//276 1777//276 1740//276
f 1742//277 1779//277 1778//277 1741//277
f 1743//278 1780//278 1779//278 1742//278
f 1744//279 1781//279 1780//279 1743//279
f 1745//280 1782//280 1781//280 1744//280
f 1746//281 1783//281 1782//281 1745//281
f 1747//282 1784//282 1783//282 1746//282
f 1748//283 1785//283 1784//283 1747//283
f 1749//284 1786//284 1785//284 1748//284
f 1750//285 1787//285 1786//285 1749//285
f 1751//286 1788//286 1787//286 1750//286
f 1752//287 1789//287 1788//287 1751//287
f 1753//288 1790//288 1789//288 1752//288
f 1754//289 1791//289 1790//289 1753//289
f 1755//290 1792//290 1791//290 1754//290
f 1756//291 1793//291 1792//291 1755//291
f 1757//292 1794//292 1793//292 1756//292
f 1758//293 1795//293 1794//293 1757//293
f 1759//294 1796//294 1795//294 1758//294
f 1760//295 1797//295 1796//295 1759//295
f 1761//296 1798//296 1797//296 1760//296
f 1763//6 1799//6 1689//6 1762//6
f 1764//7 1800//7 1799//7 1763//7
f 1765//8 1801//8 1800//8 1764//8
f 1766//113 1802//113 1801//113 1765//113
f 1767//112 1803//112 1802//112 1766//112
f 1768//111 1804//111 1803//111 1767//111
f 1769//102 1805//102 1804//102 1768//102
f 1770//103 1806//103 1805//103 1769//103
f 1771//104 1807//104 1806//104 1770//104
f 1772//94 1808//94 1807//94 1771//94
f 1773//93 1809//93 1808//93 1772//93
f 1774//92 1810//92 1809//92 1773//92
f 1775//83 1811//83 1810//83 1774//83
f 1776//84 1812//84 1811//84 1775//84
f 1777//85 1813//85 1812//85 1776//85
f 1778//75 1814//75 1813//75 1777//75
f 1779//74 1815//74 1814//74 1778//74
f 1780//73 1816//73 1815//73 1779//73
f 1781//63 1817//63 1816//63 1780//63
f 1782//64 1818//64 1817//64 1781//64
f 1783//65 1819//65 1818//65 1782//65
f 1784//55 1820//55 1819//55 1783//55
f 1785//54 1821//54 1820//54 1784//54
f 1786//53 1822//53 1821//53 1785//53
f 1787//44 1823//44 1822//44 1786//44
f 1788//45 1824//45 1823//45 1787//45
f 1789//46 1825//46 1824//46 1788//46
f 1790//36 1826//36 1825//36 1789//36
f 1791//35 1827//35 1826//35 1790//35
f 1792//34 1828//34 1827//34 1791//34
f 1793//25 1829//25 1828//25 1792//25
f 1794//26 1830//26 1829//26 1793//26
f 1795//27 1831//27 1830//27 1794//27
f 1796//17 1832//17 1831//17 1795//17
f 1797//16 1833//16 1832//16 1796//16
f 1798//15 1834//15 1833//15 1797//15
f 1799//225 1835//225 1725//225 1689//225
f 1800//226 1836//226 1835//226 1799//226
f 1801//227 1837//227 1836//227 1800//227
f 1802//228 1838//228 1837//228 1801//228
f 1803//229 1839//229 1838//229 1802//229
f 1804//230 1840//230 1839//230 1803//230
f 1805//231 1841//231 1840//231 1804//231
f 1806//232 1842//232 1841//232 1805//232
f 1807//233 1843//233 1842//233 1806//233
f 1808//234 1844//234 1843//234 1807//234
f 1809//235 1845//235 1844//235 1808//235
f 1810//236 1846//236 1845//236 1809//236
f 1811//237 1847//237 1846//237 1810//237
f 1812//238 1848//238 1847//238 1811//238
f 1813//239 1849//239 1848//239 1812//239
f 1814//240 1850//240 1849//240 1813//240
f 1815//241 1851//241 1850//241 1814//241
f 1816//242 1852//242 1851//242 1815//242
f 1817//243 1853//243 1852//243 1816//243
f 1818//244 1854//244 1853//244 1817//244
f 1819//245 1855//245 1854//245 1818//245
f 1820//246 1856//246 1855//246 1819//246
f 1821//247 1857//247 1856//247 1820//247
f 1822//248 1858//248 1857//248 1821//248
f 1823//249 1859//249 1858//249 1822//249
f 1824//250 1860//250 1859//250 1823//250
f 1825//251 1861//251 1860//251 1824//251
f 1826//252 1862//252 1861//252 1825//252
f 1827//253 1863//253 1862//253 1826//253
f 1828//254 1864//254 1863//254 1827//254
f 1829//255 1865//255 1864//255 1828//255
f 1830//256 1866//256 1865//256 1829//256
f 1831//257 1867//257 1866//257 1830//257
f 1832//258 1868//258 1867//258 1831//258
f 1833//259 1869//259 1868//259 1832//259
f 1834//260 1870//260 1869//260 1833//260
f 1835//6 1871//6 1761//6 1725//6
f 1836//7 1872//7 1871//7 1835//7
f 1837//8 1873//8 1872//8 1836//8
f 1838//113 1874//113 1873//113 1837//113
f 1839//112 1875//112 1874//112 1838//112
f 1840//111 1876//111 1875//111 1839//111
f 1841//102 1877//102 1876//102 1840//102
f 1842//103 1878//103 1877//103 1841//103
f 1843//104 1879//104 1878//104 1842//104
f 1844//94 1880//94 1879//94 1843//94
f 1845//93 1881//93 1880//93 1844//93
f 1846//92 1882//92 1881//92 1845//92
f 1847//83 1883//83 1882//83 1846//83
f 1848//84 1884//84 1883//84 1847//84
f 1849//85 1885//85 1884//85 1848//85
f 1850//75 1886//75 1885//75 1849//75
f 1851//74 1887//74 1886//74 1850//74
f 1852//73 1888//73 1887//73 1851//73
f 1853//63 1889//63 1888//63 1852//63
f 1854//64 1890//64 1889//64 1853//64
f 1855//65 1891//65 1890//65 1854//65
f 1856//55 1892//55 1891//55 1855//55
f 1857//54 1893//54 1892//54 1856//54
f 1858//53 1894//53 1893//53 1857//53
f 1859//44 1895//44 1894//44 1858//44
f 1860//45 1896//45 1895//45 1859//45
f 1861//46 1897//46 1896//46 1860//46
f 1862//36 1898//36 1897//36 1861//36
f 1863//35 1899//35 1898//35 1862//35
f 1864//34 1900//34 1899//34 1863//34
f 1865//25 1901//25 1900//25 1864//25
f 1866//26 1902//26 1901//26 1865//26
f 1867//27 1903//27 1902//27 1866//27
f 1868//17 1904//17 1903//17 1867//17
f 1869//16 1905//16 1904//16 1868//16
f 1870//15 1906//15 1905//15 1869//15
f 1871//261 1907//261 1798//261 1761//261
f 1872//262 1908//262 1907//262 1871//262
f 1873//263 1909//263 1908//263 1872//263
f 1874//264 1910//264 1909//264 1873//264
f 1875//265 1911//265 1910//265 1874//265
f 1876//266 1912//266 1911//266 1875//266
f 1877//267 1913//267 1912//267 1876//267
f 1878//268 1914//268 1913//268 1877//268
f 1879//269 1915//269 1914//269 1878//269
f 1880//270 1916//270 1915//270 1879//270
f 1881//271 1917//271 1916//271 1880//271
f 1882//272 1918//272 1917//272 1881//272
f 1883//273 1919//273 1918//273 1882//273
f 1884//274 1920//274 1919//274 1883//274
f 1885//275 1921//275 1920//275 1884//275
f 1886//276 1922//276 1921//276 1885//276
f 1887//277 1923//277 1922//277 1886//277
f 1888//278 1924//278 1923//278 1887//278
f 1889//279 1925//279 1924//279 1888//279
f 1890//280 1926//280 1925//280 1889//280
f 1891//281 1927//281 1926//281 1890//281
f 1892//282 1928//282 1927//282 1891//282
f 1893//283 1929//283 1928//283 1892//283
f 1894//284 1930//284 1929//284 1893//284
f 1895//285 1931//285 1930//285 1894//285
f 1896//286 1932//286 1931//286 1895//286
f 1897//287 1933//287 1932//287 1896//287
f 1898//288 1934//288 1933//288 1897//288
f 1899//289 1935//289 1934//289 1898//289
f 1900//290 1936//290 1935//290 1899//290
f 1901//291 1937//291 1936//291 1900//291
f 1902//292 1938//292 1937//292 1901//292
f 1903//293 1939//293 1938//293 1902//293
f 1904//294 1940//294 1939//294 1903//294
f 1905//295 1941//295 1940//295 1904//295
f 1906//296 1942//296 1941//296 1905//296
f 1907//6 1943//6 1834//6 1798//6
f 1908//7 1944//7 1943//7 1907//7
f 1909//8 1945//8 1944//8 1908//8
f 1910//113 1946//113 1945//113 1909//113
f 1911//112 1947//112 1946//112 1910//112
f 1912//111 1948//111 1947//111 1911//111
f 1913//102 1949//102 1948//102 1912//102
f 1914//103 1950//103 1949//103 1913//103
f 1915//104 1951//104 1950//104 1914//104
f 1916//94 1952//94 1951//94 1915//94
f 1917//93 1953//93 1952//93 1916//93
f 1918//92 1954//92 1953//92 1917//92
f 1919//83 1955//83 1954//83 1918//83
f 1920//84 1956//84 1955//84 1919//84
f 1921//85 1957//85 1956//85 1920//85
f 1922//75 1958//75 1957//75 1921//75
f 1923//74 1959//74 1958//74 1922//74
f 1924//73 1960//73 1959//73 1923//73
f 1925//63 1961//63 1960//63 1924//63
f 1926//64 1962//64 1961//64 1925//64
f 1927//65 1963//65 1962//65 1926//65
f 1928//55 1964//55 1963//55 1927//55
f 1929//54 1965//54 1964//54 1928//54
f 1930//53 1966//53 1965//53 1929//53
f 1931//44 1967//44 1966//44 1930//44
f 1932//45 1968//45 1967//45 1931//45
f 1933//46 1969//46 1968//46 1932//46
f 1934//36 1970//36 1969//36 1933//36
f 1935//35 1971//35 1970//35 1934//35
f 1936//34 1972//34 1971//34 1935//34
f 1937//25 1973//25 1972//25 1936//25
f 1938//26 1974//26 1973//26 1937//26
f 1939//27 1975//27 1974//27 1938//27
f 1940//17 1976//17 1975//17 1939//17
f 1941//16 1977//16 1976//16 1940//16
f 1942//15 1978//15 1977//15 1941//15
f 1943//225 1979//225 1870//225 1834//225
f 1944//226 1980//226 1979//226 1943//226
f 1945//227 1981//227 1980//227 1944//227
f 1946//228 1982//228 1981//228 1945//228
f 1947//229 1983//229 1982//229 1946//229
f 1948//230 1984//230 1983//230 1947//230
f 1949//231 1985//231 1984//231 1948//231
f 1950//232 1986//232 1985//232 1949//232
f 1951//233 1987//233 1986//233 1950//233
f 1952//234 1988//234 1987//234 1951//234
f 1953//235 1989//235 1988//235 1952//235
f 1954//236 1990//236 1989//236 1953//236
f 1955//237 1991//237 1990//237 1954//237
f 1956//238 1992//238 1991//238 1955//238
f 1957//239 1993//239 1992//239 1956//239
f 1958//240 1994//240 1993//240 1957//240
f 1959//241 1995//241 1994//241 1958//241
f 1960//242 1996//242 1995//242 1959//242
f 1961//243 1997//243 1996//243 1960//243
f 1962//244 1998//244 1997//244 1961//244
f 1963//245 1999//245 1998//245 1962//245
f 1964//246 2000//246 1999//246 1963//246
f 1965//247 2001//247 2000//247 1964//247
f 1966//248 2002//248 2001//248 1965//248
f 1967//249 2003//249 2002//249 1966//249
f 1968//250 2004//250 2003//250 1967//250
f 1969//251 2005//251 2004//251 1968//251
f 1970//252 2006//252 2005//252 1969//252
f 1971//253 2007//253 2006//253 1970//253
f 1972//254 2008//254 2007//254 1971//254
f 1973//255 2009//255 2008//255 1972//255
f 1974//256 2010//256 2009//256 1973//256
f 1975//257 2011//257 2010//257 1974//257
f 1976//258 2012//258 2011//258 1975//258
f 1977//259 2013//259 2012//259 1976//259
f 1978//260 2014//260 2013//260 1977//260
f 1979//6 2015//6 1906//6 1870//6
f 1980//7 2016//7 2015//7 1979//7
f 1981//8 2017//8 2016//8 1980//8
f 1982//113 2018//113 2017//113 1981//113
f 1983//112 2019//112 2018//112 1982//112
f 1984//111 2020//111 2019//111 1983//111
f 1985//102 2021//102 2020//102 1984//102
f 1986//103 2022//103 2021//103 1985//103
f 1987//104 2023//104 2022//104 1986//104
f 1988//94 2024//94 2023//94 1987//94
f 1989//93 2025//93 2024//93 1988//93
f 1990//92 2026//92 2025//92 1989//92
f 1991//83 2027//83 2026//83 1990//83
f 1992//84 2028//84 2027//84 1991//84
f 1993//85 2029//85 2028//85 1992//85
f 1994//75 2030//75 2029//75 1993//75
f 1995//74 2031//74 2030//74 1994//74
f 1996//73 2032//73 2031//73 1995//73
f 1997//63 2033//63 2032//63 1996//63
f 1998//64 2034//64 2033//64 1997//64
f 1999//65 2035//65 2034//65 1998//65
f 2000//55 2036//55 2035//55 1999//55
f 2001//54 2037//54 2036//54 2000//54
f 2002//53 2038//53 2037//53 2001//53
f 2003//44 2039//44 2038//44 2002//44
f 2004//45 2040//45 2039//45 2003//45
f 2005//46 2041//46 2040//46 2004//46
f 2006//36 2042//36 2041//36 2005//36
f 2007//35 2043//35 2042//35 2006//35
f 2008//34 2044//34 2043//34 2007//34
f 2009//25 2045//25 2044//25 2008//25
f 2010//26 2046//26 2045//26 2009//26
f 2011//27 2047//27 2046//27 2010//27
f 2012//17 2048//17 2047//17 2011//17
f 2013//16 2049//16 2048//16 2012//16
f 2014//15 2050//15 2049//15 2013//15
f 2015//261 2051//261 1942//261 1906//261
f 2016//262 2052//262 2051//262 2015//262
f 2017//263 2053//263 2052//263 2016//263
f 2018//264 2054//264 2053//264 2017//264
f 2019//265 2055//265 2054//265 2018//265
f 2020//266 2056//266 2055//266 2019//266
f 2021//267 2057//267 2056//267 2020//267
f 2022//268 2058//268 2057//268 2021//268
f 2023//269 2059//269 2058//269 2022//269
f 2024//270 2060//270 2059//270 2023//270
f 2025//271 2061//271 2060//271 2024//271
f 2026//272 2062//272 2061//272 2025//272
f 2027//273 2063//273 2062//273 2026//273
f 2028//274 2064//274 2063//274 2027//274
f 2029//275 2065//275 2064//275 2028//275
f 2030//276 2066//276 2065//276 2029//276
f 2031//277 2067//277 2066//277 2030//277
f 2032//278 2068//278 2067//278 2031//278
f 2033//279 2069//279 2068//279 2032//279
f 2034//280 2070//280 2069//280 2033//280
f 2035//281 2071//281 2070//281 2034//281
f 2036//282 2072//282 2071//282 2035//282
f 2037//283 2073//283 2072//283 2036//283
f 2038//284 2074//284 2073//284 2037//284
f 2039//285 2075//285 2074//285 2038//285
f 2040//286 2076//286 2075//286 2039//286
f 2041//287 2077//287 2076//287 2040//287
f 2042//288 2078//288 2077//288 2041//288
f 2043//289 2079//289 2078//289 2042//289
f 2044//290 2080//290 2079//290 2043//290
f 2045//291 2081//291 2080//291 2044//291
f 2046//292 2082//292 2081//292 2045//292
f 2047//293 2083//293 2082//293 2046//293
f 2048//294 2084//294 2083//294 2047//294
f 2049//295 2085//295 2084//295 2048//295
f 2050//296 2086//296 2085//296 2049//296
f 2051//6 2087//6 1978//6 1942//6
f 2052//7 2088//7 2087//7 2051//7
f 2053//8 2089//8 2088//8 2052//8
f 2054//113 2090//113 2089//113 2053//113
f 2055//112 2091//112 2090//112 2054//112
f 2056//111 2092//111 2091//111 2055//111
f 2057//102 2093//102 2092//102 2056//102
f 2058//103 2094//103 2093//103 2057//103
f 2059//104 2095//104 2094//104 2058//104
f 2060//94 2096//94 2095//94 2059//94
f 2061//93 2097//93 2096//93 2060//93
f 2062//92 2098//92 2097//92 2061//92
f 2063//83 2099//83 2098//83 2062//83
f 2064//84 2100//84 2099//84 2063//84
f 2065//85 2101//85 2100//85 2064//85
f 2066//75 2102//75 2101//75 2065//75
f 2067//74 2103//74 2102//74 2066//74
f 2068//73 2104//73 2103//73 2067//73
f 2069//63 2105//63 2104//63 2068//63
f 2070//64 2106//64 2105//64 2069//64
f 2071//65 2107//65 2106//65 2070//65
f 2072//55 2108//55 2107//55 2071//55
f 2073//54 2109//54 2108//54 2072//54
f 2074//53 2110//53 2109//53 2073//53
f 2075//44 2111//44 2110//44 2074//44
f 2076//45 2112//45 2111//45 2075//45
f 2077//46 2113//46 2112//46 2076//46
f 2078//36 2114//36 2113//36 2077//36
f 2079//35 2115//35 2114//35 2078//35
f 2080//34 2116//34 2115//34 2079//34
f 2081//25 2117//25 2116//25 2080//25
f 2082//26 2118//26 2117//26 2081//26
f 2083//27 2119//27 2118//27 2082//27
f 2084//17 2120//17 2119//17 2083//17
f 2085//16 2121//16 2120//16 2084//16
f 2086//15 2122//15 2121//15 2085//15
f 2087//225 2123//225 2014//225 1978//225
f 2088//226 2124//226 2123//226 2087//226
f 2089//227 2125//227 2124//227 2088//227
f 2090//228 2126//228 2125//228 2089//228
f 2091//229 2127//229 2126//229 2090//229
f 2092//230 2128//230 2127//230 2091//230
f 2093//231 2129//231 2128//231 2092//231
f 2094//232 2130//232 2129//232 2093//232
f 2095//233 2131//233 2130//233 2094//233
f 2096//234 2132//234 2131//234 2095//234
f 2097//235 2133//235 2132//235 2096//235
f 2098//236 2134//236 2133//236 2097//236
f 2099//237 2135//237 2134//237 2098//237
f 2100//238 2136//238 2135//238 2099//238
f 2101//239 2137//239 2136//239 2100//239
f 2102//240 2138//240 2137//240 2101//240
f 2103//241 2139//241 2138//241 2102//241
f 2104//242 2140//242 2139//242 2103//242
f 2105//243 2141//243 2140//243 2104//243
f 2106//244 2142//244 2141//244 2105//244
f 2107//245 2143//245 2142//245 2106//245
f 2108//246 2144//246 2143//246 2107//246
f 2109//247 2145//247 2144//247 2108//247
f 2110//248 2146//248 2145//248 2109//248
f 2111//249 2147//249 2146//249 2110//249
f 2112//250 2148//250 2147//250 2111//250
f 2113//251 2149//251 2148//251 2112//251
f 2114//252 2150//252 2149//252 2113//252
f 2115//253 2151//253 2150//253 2114//253
f 2116//254 2152//254 2151//254 2115//254
f 2117//255 2153//255 2152//255 2116//255
f 2118//256 2154//256 2153//256 2117//256
f 2119//257 2155//257 2154//257 2118//257
f 2120//258 2156//258 2155//258 2119//258
f 2121//259 2157//259 2156//259 2120//259
f 2122//260 2158//260 2157//260 2121//260
f 2123//6 2159//6 2050//6 2014//6
f 2124//7 2160//7 2159//7 2123//7
f 2125//8 2161//8 2160//8 2124//8
f 2126//113 2162//113 2161//113 2125//113
f 2127//112 2163//112 2162//112 2126//112
f 2128//111 2164//111 2163//111 2127//111
f 2129//102 2165//102 2164//102 2128//102
f 2130//103 2166//103 2165//103 2129//103
f 2131//104 2167//104 2166//104 2130//104
f 2132//94 2168//94 2167//94 2131//94
f 2133//93 2169//93 2168//93 2132//93
f 2134//92 2170//92 2169//92 2133//92
f 2135//83 2171//83 2170//83 2134//83
f 2136//84 2172//84 2171//84 2135//84
f 2137//85 2173//85 2172//85 2136//85
f 2138//75 2174//75 2173//75 2137//75
f 2139//74 2175//74 2174//74 2138//74
f 2140//73 2176//73 2175//73 2139//73
f 2141//63 2177//63 2176//63 2140//63
f 2142//64 2178//64 2177//64 2141//64
f 2143//65 2179//65 2178//65 2142//65
f 2144//55 2180//55 2179//55 2143//55
f 2145//54 2181//54 2180//54 2144//54
f 2146//53 2182//53 2181//53 2145//53
f 2147//44 2183//44 2182//44 2146//44
f 2148//45 2184//45 2183//45 2147//45
f 2149//46 2185//46 2184//46 2148//46
f 2150//36 2186//36 2185//36 2149//36
f 2151//35 2187//35 2186//35 2150//35
f 2152//34 2188//34 2187//34 2151//34
f 2153//25 2189//25 2188//25 2152//25
f 2154//26 2190//26 2189//26 2153//26
f 2155//27 2191//27 2190//27 2154//27
f 2156//17 2192//17 2191//17 2155//17
f 2157//16 2193//16 2192//16 2156//16
f 2158//15 2194//15 2193//15 2157//15
f 2159//261 2195//261 2086//261 2050//261
f 2160//262 2196//262 2195//262 2159//262
f 2161//263 2197//263 2196//263 2160//263
f 2162//264 2198//264 2197//264 2161//264
f 2163//265 2199//265 2198//265 2162//265
f 2164//266 2200//266 2199//266 2163//266
f 2165//267 2201//267 2200//267 2164//267
f 2166//268 2202//268 2201//268 2165//268
f 2167//269 2203//269 2202//269 2166//269
f 2168//270 2204//270 2203//270 2167//270
f 2169//271 2205//271 2204//271 2168//271
f 2170//272 2206//272 2205//272 2169//272
f 2171//273 2207//273 2206//273 2170//273
f 2172//274 2208//274 2207//274 2171//274
f 2173//275 2209//275 2208//275 2172//275
f 2174//276 2210//276 2209//276 2173//276
f 2175//277 2211//277 2210//277 2174//277
f 2176//278 2212//278 2211//278 2175//278
f 2177//279 2213//279 2212//279 2176//279
f 2178//280 2214//280 2213//280 2177//280
f 2179//281 2215//281 2214//281 2178//281
f 2180//282 2216//282 2215//282 2179//282
f 2181//283 2217//283 2216//283 2180//283
f 2182//284 2218//284 2217//284 2181//284
f 2183//285 2219//285 2218//285 2182//285
f 2184//286 2220//286 2219//286 2183//286
f 2185//287 2221//287 2220//287 2184//287
f 2186//288 2222//288 2221//288 2185//288
f 2187//289 2223//289 2222//289 2186//289
f 2188//290 2224//290 2223//290 2187//290
f 2189//291 2225//291 2224//291 2188//291
f 2190//292 2226//292 2225//292 2189//292
f 2191//293 2227//293 2226//293 2190//293
f 2192//294 2228//294 2227//294 2191//294
f 2193//295 2229//295 2228//295 2192//295
f 2194//296 2230//296 2229//296 2193//296
f 2195//6 2231//6 2122//6 2086//6
f 2196//7 2232//7 2231//7 2195//7
f 2197//8 2233//8 2232//8 2196//8
f 2198//113 2234//113 2233//113 2197//113
f 2199//112 2235//112 2234//112 2198//112
f 2200//111 2236//111 2235//111 2199//111
f 2201//102 2237//102 2236//102 2200//102
f 2202//103 2238//103 2237//103 2201//103
f 2203//104 2239//104 2238//104 2202//104
f 2204//94 2240//94 2239//94 2203//94
f 2205//93 2241//93 2240//93 2204//93
f 2206//92 2242//92 2241//92 2205//92
f 2207//83 2243//83 2242//83 2206//83
f 2208//84 2244//84 2243//84 2207//84
f 2209//85 2245//85 2244//85 2208//85
f 2210//75 2246//75 2245//75 2209//75
f 2211//74 2247//74 2246//74 2210//74
f 2212//73 2248//73 2247//73 2211//73
f 2213//63 2249//63 2248//63 2212//63
f 2214//64 2250//64 2249//64 2213//64
f 2215//65 2251//65 2250//65 2214//65
f 2216//55 2252//55 2251//55 2215//55
f 2217//54 2253//54 2252//54 2216//54
f 2218//53 2254//53 2253//53 2217//53
f 2219//44 2255//44 2254//44 2218//44
f 2220//45 2256//45 2255//45 2219//45
f 2221//46 2257//46 2256//46 2220//46
f 2222//36 2258//36 2257//36 2221//36
f 2223//35 2259//35 2258//35 2222//35
f 2224//34 2260//34 2259//34 2223//34
f 2225//25 2261//25 2260//25 2224//25
f 2226//26 2262//26 2261//26 2225//26
f 2227//27 2263//27 2262//27 2226//27
f 2228//17 2264//17 2263//17 2227//17
f 2229//16 2265//16 2264//16 2228//16
f 2230//15 2266//15 2265//15 2229//15
f 2231//225 2267//225 2158//225 2122//225
f 2232//226 2268//226 2267//226 2231//226
f 2233//227 2269//227 2268//227 2232//227
f 2234//228 2270//228 2269//228 2233//228
f 2235//229 2271//229 2270//229 2234//229
f 2236//230 2272//230 2271//230 2235//230
f 2237//231 2273//231 2272//231 2236//231
f 2238//232 2274//232 2273//232 2237//232
f 2239//233 2275//233 2274//233 2238//233
f 2240//234 2276//234 2275//234 2239//234
f 2241//235 2277//235 2276//235 2240//235
f 2242//236 2278//236 2277//236 2241//236
f 2243//237 2279//237 2278//237 2242//237
f 2244//238 2280//238 2279//238 2243//238
f 2245//239 2281//239 2280//239 2244//239
f 2246//240 2282//240 2281//240 2245//240
f 2247//241 2283//241 2282//241 2246//241
f 2248//242 2284//242 2283//242 2247//242
f 2249//243 2285//243 2284//243 2248//243
f 2250//244 2286//244 2285//244 2249//244
f 2251//245 2287//245 2286//245 2250//245
f 2252//246 2288//246 2287//246 2251//246
f 2253//247 2289//247 2288//247 2252//247
f 2254//248 2290//248 2289//248 2253//248
f 2255//249 2291//249 2290//249 2254//249
f 2256//250 2292//250 2291//250 2255//250
f 2257//251 2293//251 2292//251 2256//251
f 2258//252 2294//252 2293//252 2257//252
f 2259//253 2295//253 2294//253 2258//253
f 2260//254 2296//254 2295//254 2259//254
f 2261//255 2297//255 2296//255 2260//255
f 2262//256 2298//256 2297//256 2261//256
f 2263//257 2299//257 2298//257 2262//257
f 2264//258 2300//258 2299//258 2263//258
f 2265//259 2301//259 2300//259 2264//259
f 2266//260 2302//260 2301//260 2265//260
f 2267//6 2303//6 2194//6 2158//6
f 2268//7 2304//7 2303//7 2267//7
f 2269//8 2305//8 2304//8 2268//8
f 2270//113 2306//113 2305//113 2269//113
f 2271//112 2307//112 2306//112 2270//112
f 2272//111 2308//111 2307//111 2271//111
f 2273//102 2309//102 2308//102 2272//102
f 2274//103 2310//103 2309//103 2273//103
f 2275//104 2311//104 2310//104 2274//104
f 2276//94 2312//94 2311//94 2275//94
f 2277//93 2313//93 2312//93 2276//93
f 2278//92 2314//92 2313//92 2277//92
f 2279//83 2315//83 2314//83 2278//83
f 2280//84 2316//84 2315//84 2279//84
f 2281//85 2317//85 2316//85 2280//85
f 2282//75 2318//75 2317//75 2281//75
f 2283//74 2319//74 2318//74 2282//74
f 2284//73 2320//73 2319//73 2283//73
f 2285//63 2321//63 2320//63 2284//63
f 2286//64 2322//64 2321//64 2285//64
f 2287//65 2323//65 2322//65 2286//65
f 2288//55 2324//55 2323//55 2287//55
f 2289//54 2325//54 2324//54 2288//54
f 2290//53 2326//53 2325//53 2289//53
f 2291//44 2327//44 2326//44 2290//44
f 2292//45 2328//45 2327//45 2291//45
f 2293//46 2329//46 2328//46 2292//46
f 2294//36 2330//36 2329//36 2293//36
f 2295//35 2331//35 2330//35 2294//35
f 2296//34 2332//34 2331//34 2295//34
f 2297//25 2333//25 2332//25 2296//25
f 2298//26 2334//26 2333//26 2297//26
f 2299//27 2335//27 2334//27 2298//27
f 2300//17 2336//17 2335//17 2299//17
f 2301//16 2337//16 2336//16 2300//16
f 2302//15 2338//15 2337//15 2301//15
f 2303//261 2339//261 2230//261 2194//261
f 2304//262 2340//262 2339//262 2303//262
f 2305//263 2341//263 2340//263 2304//263
f 2306//264 2342//264 2341//264 2305//264
f 2307//265 2343//265 2342//265 2306//265
f 2308//266 2344//266 2343//266 2307//266
f 2309//267 2345//267 2344//267 2308//267
f 2310//268 2346//268 2345//268 2309//268
f 2311//269 2347//269 2346//269 2310//269
f 2312//270 2348//270 2347//270 2311//270
f 2313//271 2349//271 2348//271 2312//271
f 2314//272 2350//272 2349//272 2313//272
f 2315//273 2351//273 2350//273 2314//273
f 2316//274 2352//274 2351//274 2315//274
f 2317//275 2353//275 2352//275 2316//275
f 2318//276 2354//276 2353//276 2317//276
f 2319//277 2355//277 2354//277 2318//277
f 2320//278 2356//278 2355//278 2319//278
f 2321//279 2357//279 2356//279 2320//279
f 2322//280 2358//280 2357//280 2321//280
f 2323//281 2359//281 2358//281 2322//281
f 2324//282 2360//282 2359//282 2323//282
f 2325//283 2361//283 2360//283 2324//283
f 2326//284 2362//284 2361//284 2325//284
f 2327//285 2363//285 2362//285 2326//285
f 2328//286 2364//286 2363//286 2327//286
f 2329//287 2365//287 2364//287 2328//287
f 2330//288 2366//288 2365//288 2329//288
f 2331//289 2367//289 2366//289 2330//289
f 2332//290 2368//290 2367//290 2331//290
f 2333//291 2369//291 2368//291 2332//291
f 2334//292 2370//292 2369//292 2333//292
f 2335//293 2371//293 2370//293 2334//293
f 2336//294 2372//294 2371//294 2335//294
f 2337//295 2373//295 2372//295 2336//295
f 2338//296 2374//296 2373//296 2337//296
f 2339//6 2375//6 2266//6 2230//6
f 2340//7 2376//7 2375//7 2339//7
f 2341//8 2377//8 2376//8 2340//8
f 2342//113 2378//113 2377//113 2341//113
f 2343//112 2379//112 2378//112 2342//112
f 2344//111 2380//111 2379//111 2343//111
f 2345//102 2381//102 2380//102 2344//102
f 2346//103 2382//103 2381//103 2345//103
f 2347//104 2383//104 2382//104 2346//104
f 2348//94 2384//94 2383//94 2347//94
f 2349//93 2385//93 2384//93 2348//93
f 2350//92 2386//92 2385//92 2349//92
f 2351//83 2387//83 2386//83 2350//83
f 2352//84 2388//84 2387//84 2351//84
f 2353//85 2389//85 2388//85 2352//85
f 2354//75 2390//75 2389//75 2353//75
f 2355//74 2391//74 2390//74 2354//74
f 2356//73 2392//73 2391//73 2355//73
f 2357//63 2393//63 2392//63 2356//63
f 2358//64 2394//64 2393//64 2357//64
f 2359//65 2395//65 2394//65 2358//65
f 2360//55 2396//55 2395//55 2359//55
f 2361//54 2397//54 2396//54 2360//54
f 2362//53 2398//53 2397//53 2361//53
f 2363//44 2399//44 2398//44 2362//44
f 2364//45 2400//45 2399//45 2363//45
f 2365//46 2401//46 2400//46 2364//46
f 2366//36 2402//36 2401//36 2365//36
f 2367//35 2403//35 2402//35 2366//35
f 2368//34 2404//34 2403//34 2367//34
f 2369//25 2405//25 2404//25 2368//25
f 2370//26 2406//26 2405//26 2369//26
f 2371//27 2407//27 2406//27 2370//27
f 2372//17 2408//17 2407//17 2371//17
f 2373//16 2409//16 2408//16 2372//16
f 2374//15 2410//15 2409//15 2373//15
f 2375//225 2411//225 2302//225 2266//225
f 2376//226 2412//226 2411//226 2375//226
f 2377//227 2413//227 2412//227 2376//227
f 2378//228 2414//228 2413//228 2377//228
f 2379//229 2415//229 2414//229 2378//229
f 2380//230 2416//230 2415//230 2379//230
f 2381//231 2417//231 2416//231 2380//231
f 2382//232 2418//232 2417//232 2381//232
f 2383//233 2419//233 2418//233 2382//233
f 2384//234 2420//234 2419//234 2383//234
f 2385//235 2421//235 2420//235 2384//235
f 2386//236 2422//236 2421//236 2385//236
f 2387//237 2423//237 2422//237 2386//237
f 2388//238 2424//238 2423//238 2387//238
f 2389//239 2425//239 2424//239 2388//239
f 2390//240 2426//240 2425//240 2389//240
f 2391//241 2427//241 2426//241 2390//241
f 2392//242 2428//242 2427//242 2391//242
f 2393//243 2429//243 2428//243 2392//243
f 2394//244 2430//244 2429//244 2393//244
f 2395//245 2431//245 2430//245 2394//245
f 2396//246 2432//246 2431//246 2395//246
f 2397//247 2433//247 2432//247 2396//247
f 2398//248 2434//248 2433//248 2397//248
f 2399//249 2435//249 2434//249 2398//249
f 2400//250 2436//250 2435//250 2399//250
f 2401//251 2437//251 2436//251 2400//251
f 2402//252 2438//252 2437//252 2401//252
f 2403//253 2439//253 2438//253 2402//253
f 2404//254 2440//254 2439//254 2403//254
f 2405//255 2441//255 2440//255 2404//255
f 2406//256 2442//256 2441//256 2405//256
f 2407//257 2443//257 2442//257 2406//257
f 2408//258 2444//258 2443//258 2407//258
f 2409//259 2445//259 2444//259 2408//259
f 2410//260 2446//260 2445//260 2409//260
f 2411//6 2447//6 2338//6 2302//6
f 2412//7 2448//7 2447//7 2411//7
f 2413//8 2449//8 2448//8 2412//8
f 2414//113 2450//113 2449//113 2413//113
f 2415//112 2451//112 2450//112 2414//112
f 2416//111 2452//111 2451//111 2415//111
f 2417//102 2453//102 2452//102 2416//102
f 2418//103 2454//103 2453//103 2417//103
f 2419//104 2455//104 2454//104 2418//104
f 2420//94 2456//94 2455//94 2419//94
f 2421//93 2457//93 2456//93 2420//93
f 2422//92 2458//92 2457//92 2421//92
f 2423//83 2459//83 2458//83 2422//83
f 2424//84 2460//84 2459//84 2423//84
f 2425//85 2461//85 2460//85 2424//85
f 2426//75 2462//75 2461//75 2425//75
f 2427//74 2463//74 2462//74 2426//74
f 2428//73 2464//73 2463//73 2427//73
f 2429//63 2465//63 2464//63 2428//63
f 2430//64 2466//64 2465//64 2429//64
f 2431//65 2467//65 2466//65 2430//65
f 2432//55 2468//55 2467//55 2431//55
f 2433//54 2469//54 2468//54 2432//54
f 2434//53 2470//53 2469//53 2433//53
f 2435//44 2471//44 2470//44 2434//44
f 2436//45 2472//45 2471//45 2435//45
f 2437//46 2473//46 2472//46 2436//46
f 2438//36 2474//36 2473//36 2437//36
f 2439//35 2475//35 2474//35 2438//35
f 2440//34 2476//34 2475//34 2439//34
f 2441//25 2477//25 2476//25 2440//25
f 2442//26 2478//26 2477//26 2441//26
f 2443//27 2479//27 2478//27 2442//27
f 2444//17 2480//17 2479//17 2443//17
f 2445//16 2481//16 2480//16 2444//16
f 2446//15 2482//15 2481//15 2445//15
f 2447//261 2483//261 2374//261 2338//261
f 2448//262 2484//262 2483//262 2447//262
f 2449//263 2485//263 2484//263 2448//263
f 2450//264 2486//264 2485//264 2449//264
f 2451//265 2487//265 2486//265 2450//265
f 2452//266 2488//266 2487//266 2451//266
f 2453//267 2489//267 2488//267 2452//267
f 2454//268 2490//268 2489//268 2453//268
f 2455//269 2491//269 2490//269 2454//269
f 2456//270 2492//270 2491//270 2455//270
f 2457//271 2493//271 2492//271 2456//271
f 2458//272 2494//272 2493//272 2457//272
f 2459//273 2495//273 2494//273 2458//273
f 2460//274 2496//274 2495//274 2459//274
f 2461//275 2497//275 2496//275 2460//275
f 2462//276 2498//276 2497//276 2461//276
f 2463//277 2499//277 2498//277 2462//277
f 2464//278 2500//278 2499//278 2463//278
f 2465//279 2501//279 2500//279 2464//279
f 2466//280 2502//280 2501//280 2465//280
f 2467//281 2503//281 2502//281 2466//281
f 2468//282 2504//282 2503//282 2467//282
f 2469//283 2505//283 2504//283 2468//283
f 2470//284 2506//284 2505//284 2469//284
f 2471//285 2507//285 2506//285 2470//285
f 2472//286 2508//286 2507//286 2471//286
f 2473//287 2509//287 2508//287 2472//287
f 2474//288 2510//288 2509//288 2473//288
f 2475//289 2511//289 2510//289 2474//289
f 2476//290 2512//290 2511//290 2475//290
f 2477//291 2513//291 2512//291 2476//291
f 2478//292 2514//292 2513//292 2477//292
f 2479//293 2515//293 2514//293 2478//293
f 2480//294 2516//294 2515//294 2479//294
f 2481//295 2517//295 2516//295 2480//295
f 2482//296 2518//296 2517//296 2481//296
f 2483//6 2519//6 2410//6 2374//6
f 2484//7 2520//7 2519//7 2483//7
f 2485//8 2521//8 2520//8 2484//8
f 2486//113 2522//113 2521//113 2485//113
f 2487//112 2523//112 2522//112 2486//112
f 2488//111 2524//111 2523//111 2487//111
f 2489//102 2525//102 2524//102 2488//102
f 2490//103 2526//103 2525//103 2489//103
f 2491//104 2527//104 2526//104 2490//104
f 2492//94 2528//94 2527//94 2491//94
f 2493//93 2529//93 2528//93 2492//93
f 2494//92 2530//92 2529//92 2493//92
f 2495//83 2531//83 2530//83 2494//83
f 2496//84 2532//84 2531//84 2495//84
f 2497//85 2533//85 2532//85 2496//85
f 2498//75 2534//75 2533//75 2497//75
f 2499//74 2535//74 2534//74 2498//74
f 2500//73 2536//73 2535//73 2499//73
f 2501//63 2537//63 2536//63 2500//63
f 2502//64 2538//64 2537//64 2501//64
f 2503//65 2539//65 2538//65 2502//65
f 2504//55 2540//55 2539//55 2503//55
f 2505//54 2541//54 2540//54 2504//54
f 2506//53 2542//53 2541//53 2505//53
f 2507//44 2543//44 2542//44 2506//44
f 2508//45 2544//45 2543//45 2507//45
f 2509//46 2545//46 2544//46 2508//46
f 2510//36 2546//36 2545//36 2509//36
f 2511//35 2547//35 2546//35 2510//35
f 2512//34 2548//34 2547//34 2511//34
f 2513//25 2549//25 2548//25 2512//25
f 2514//297 2550//297 2549//297 2513//297
f 2515//298 2551//298 2550//298 2514//298
f 2516//299 2552//299 2551//299 2515//299
f 2517//300 2553//300 2552//300 2516//300
f 2518//301 2554//301 2553//301 2517//301
f 2519//225 2555//225 2446//225 2410//225
f 2520//226 2556//226 2555//226 2519//226
f 2521//227 2557//227 2556//227 2520//227
f 2522//228 2558//228 2557//228 2521//228
f 2523//229 2559//229 2558//229 2522//229
f 2524//230 2560//230 2559//230 2523//230
f 2525//231 2561//231 2560//231 2524//231
f 2526//232 2562//232 2561//232 2525//232
f 2527//233 2563//233 2562//233 2526//233
f 2528//234 2564//234 2563//234 2527//234
f 2529//235 2565//235 2564//235 2528//235
f 2530//236 2566//236 2565//236 2529//236
f 2531//237 2567//237 2566//237 2530//237
f 2532//238 2568//238 2567//238 2531//238
f 2533//239 2569//239 2568//239 2532//239
f 2534//240 2570//240 2569//240 2533//240
f 2535//241 2571//241 2570//241 2534//241
f 2536//242 2572//242 2571//242 2535//242
f 2537//243 2573//243 2572//243 2536//243
f 2538//244 2574//244 2573//244 2537//244
f 2539//245 2575//245 2574//245 2538//245
f 2540//246 2576//246 2575//246 2539//246
f 2541//247 2577//247 2576//247 2540//247
f 2542//248 2578//248 2577//248 2541//248
f 2543//249 2579//249 2578//249 2542//249
f 2544//250 2580//250 2579//250 2543//250
f 2545//251 2581//251 2580//251 2544//251
f 2546//252 2582//252 2581//252 2545//252
f 2547//253 2583//253 2582//253 2546//253
f 2548//254 2584//254 2583//254 2547//254
f 2549//255 2585//255 2584//255 2548//255
f 2550//302 2586//302 2585//302 2549//302
f 2551//303 2587//303 2586//303 2550//303
f 2552//304 2588//304 2587//304 2551//304
f 2553//305 2589//305 2588//305 2552//305
f 2554//306 2590//306 2589//306 2553//306
f 2555//6 2591//6 2482//6 2446//6
f 2556//7 2592//7 2591//7 2555//7
f 2557//8 2593//8 2592//8 2556//8
f 2558//113 2594//113 2593//113 2557//113
f 2559//112 2595//112 2594//112 2558//112
f 2560//111 2596//111 2595//111 2559//111
f 2561//102 2597//102 2596//102 2560//102
f 2562//103 2598//103 2597//103 2561//103
f 2563//104 2599//104 2598//104 2562//104
f 2564//94 2600//94 2599//94 2563//94
f 2565//93 2601//93 2600//93 2564//93
f 2566//92 2602//92 2601//92 2565//92
f 2567//83 2603//83 2602//83 2566//83
f 2568//84 2604//84 2603//84 2567//84
f 2569//85 2605//85 2604//85 2568//85
f 2570//75 2606//75 2605//75 2569//75
f 2571//74 2607//74 2606//74 2570//74
f 2572//73 2608//73 2607//73 2571//73
f 2573//63 2609//63 2608//63 2572//63
f 2574//64 2610//64 2609//64 2573//64
f 2575//65 2611//65 2610//65 2574//65
f 2576//55 2612//55 2611//55 2575//55
f 2577//54 2613//54 2612//54 2576//54
f 2578//53 2614//53 2613//53 2577//53
f 2579//44 2615//44 2614//44 2578//44
f 2580//45 2616//45 2615//45 2579//45
f 2581//46 2617//46 2616//46 2580//46
f 2582//36 2618//36 2617//36 2581//36
f 2583//35 2619//35 2618//35 2582//35
f 2584//34 2620//34 2619//34 2583//34
f 2585//307 2621//307 2620//307 2584//307
f 2586//308 2622//308 2621//308 2585//308
f 2587//309 2623//309 2622//309 2586//309
f 2588//310 2624//310 2623//310 2587//310
f 2589//311 2625//311 2624//311 2588//311
f 2590//312 2626//312 2625//312 2589//312
f 2591//313 2627//313 2518//313 2482//313
f 2592//314 2628//314 2627//314 2591//314
f 2593//315 2629//315 2628//315 2592//315
f 2594//316 2630//316 2629//316 2593//316
f 2595//317 2631//317 2630//317 2594//317
f 2596//318 2632//318 2631//318 2595//318
f 2597//319 2633//319 2632//319 2596//319
f 2598//320 2634//320 2633//320 2597//320
f 2599//321 2635//321 2634//321 2598//321
f 2600//322 2636//322 2635//322 2599//322
f 2601//323 2637//323 2636//323 2600//323
f 2602//324 2638//324 2637//324 2601//324
f 2603//325 2639//325 2638//325 2602//325
f 2604//326 2640//326 2639//326 2603//326
f 2605//327 2641//327 2640//327 2604//327
f 2606//328 2642//328 2641//328 2605//328
f 2607//329 2643//329 2642//329 2606//329
f 2608//330 2644//330 2643//330 2607//330
f 2609//331 2645//331 2644//331 2608//331
f 2610//332 2646//332 2645//332 2609//332
f 2611//333 2647//333 2646//333 2610//333
f 2612//334 2648//334 2647//334 2611//334
f 2613//335 2649//335 2648//335 2612//335
f 2614//336 2650//336 2649//336 2613//336
f 2615//337 2651//337 2650//337 2614//337
f 2616//338 2652//338 2651//338 2615//338
f 2617//339 2653//339 2652//339 2616//339
f 2618//340 2654//340 2653//340 2617//340
f 2619//341 2655//341 2654//341 2618//341
f 2620//342 2656//342 2655//342 2619//342
f 2621//343 2657//343 2656//343 2620//343
f 2622//29 2658//29 2657//29 2621//29
f 2623//30 2659//30 2658//30 2622//30
f 2624//20 2660//20 2659//20 2623//20
f 2625//19 2661//19 2660//19 2624//19
f 2626//18 2731//18 2661//18 2625//18
f 2627//9 2662//9 2554//9 2518//9
f 2628//10 2663//10 2662//10 2627//10
f 2629//11 2664//11 2663//11 2628//11
f 2630//116 2665//116 2664//116 2629//116
f 2631//344 2666//344 2665//344 2630//344
f 2632//114 2667//114 2666//114 2631//114
f 2633//105 2668//105 2667//105 2632//105
f 2634//106 2669//106 2668//106 2633//106
f 2635//107 2670//107 2669//107 2634//107
f 2636//97 2671//97 2670//97 2635//97
f 2637//96 2672//96 2671//96 2636//96
f 2638//95 2673//95 2672//95 2637//95
f 2639//86 2674//86 2673//86 2638//86
f 2640//87 2675//87 2674//87 2639//87
f 2641//88 2676//88 2675//88 2640//88
f 2642//78 2677//78 2676//78 2641//78
f 2643//77 2678//77 2677//77 2642//77
f 2644//76 2679//76 2678//76 2643//76
f 2645//66 2680//66 2679//66 2644//66
f 2646//67 2681//67 2680//67 2645//67
f 2647//68 2682//68 2681//68 2646//68
f 2648//58 2683//58 2682//58 2647//58
f 2649//345 2684//345 2683//345 2648//345
f 2650//56 2685//56 2684//56 2649//56
f 2651//47 2686//47 2685//47 2650//47
f 2652//48 2687//48 2686//48 2651//48
f 2653//49 2688//49 2687//49 2652//49
f 2654//39 2689//39 2688//39 2653//39
f 2655//38 2690//38 2689//38 2654//38
f 2656//37 2691//37 2690//37 2655//37
f 2657//28 2692//28 2691//28 2656//28
f 2658//29 2693//29 2692//29 2657//29
f 2659//30 2749//30 2693//30 2658//30
f 2660//20 2750//20 2749//20 2659//20
f 2661//19 2714//19 2750//19 2660//19
f 2731//18 2714//18 2661//18
f 2662//346 2694//346 2590//346 2554//346
f 2663//347 2695//347 2694//347 2662//347
f 2664//348 2696//348 2695//348 2663//348
f 2665//349 2697//349 2696//349 2664//349
f 2666//344 2698//344 2697//344 2665//344
f 2667//114 2699//114 2698//114 2666//114
f 2668//105 2700//105 2699//105 2667//105
f 2669//106 2701//106 2700//106 2668//106
f 2670//107 2702//107 2701//107 2669//107
f 2671//97 2703//97 2702//97 2670//97
f 2672//96 2704//96 2703//96 2671//96
f 2673//95 2705//95 2704//95 2672//95
f 2674//86 2706//86 2705//86 2673//86
f 2675//87 2707//87 2706//87 2674//87
f 2676//88 2708//88 2707//88 2675//88
f 2677//78 2709//78 2708//78 2676//78
f 2678//77 2710//77 2709//77 2677//77
f 2679//76 2711//76 2710//76 2678//76
f 2680//66 2712//66 2711//66 2679//66
f 2681//67 2713//67 2712//67 2680//67
f 2682//68 2756//68 2713//68 2681//68
f 2683//58 2739//58 2756//58 2682//58
f 2684//57 2740//57 2739//57 2683//57
f 2685//56 2757//56 2740//56 2684//56
f 2686//47 2729//47 2757//47 2685//47
f 2687//48 2748//48 2729//48 2686//48
f 2688//49 2758//49 2748//49 2687//49
f 2689//39 2759//39 2758//39 2688//39
f 2690//38 2741//38 2759//38 2689//38
f 2691//37 2730//37 2741//37 2690//37
f 2692//28 2742//28 2730//28 2691//28
f 2693//350 2742//350 2692//350
f 2694//351 2715//351 2626//351 2590//351
f 2695//352 2716//352 2715//352 2694//352
f 2696//353 2717//353 2716//353 2695//353
f 2697//354 2718//354 2717//354 2696//354
f 2698//344 2719//344 2718//344 2697//344
f 2699//114 2720//114 2719//114 2698//114
f 2700//105 2721//105 2720//105 2699//105
f 2701//106 2722//106 2721//106 2700//106
f 2702//107 2723//107 2722//107 2701//107
f 2703//97 2724//97 2723//97 2702//97
f 2704//96 2725//96 2724//96 2703//96
f 2705//95 2754//95 2725//95 2704//95
f 2706//86 2735//86 2754//86 2705//86
f 2707//87 2726//87 2735//87 2706//87
f 2708//88 2737//88 2726//88 2707//88
f 2709//78 2738//78 2737//78 2708//78
f 2710//77 2747//77 2738//77 2709//77
f 2711//76 2727//76 2747//76 2710//76
f 2712//66 2728//66 2727//66 2711//66
f 2713//67 2755//67 2728//67 2712//67
f 2756//68 2755//68 2713//68
f 2715//9 2732//9 2731//9 2626//9
f 2716//10 2751//10 2732//10 2715//10
f 2717//11 2743//11 2751//11 2716//11
f 2718//355 2744//355 2743//355 2717//355
f 2719//344 2745//344 2744//344 2718//344
f 2720//114 2733//114 2745//114 2719//114
f 2721//105 2734//105 2733//105 2720//105
f 2722//106 2752//106 2734//106 2721//106
f 2723//107 2746//107 2752//107 2722//107
f 2724//356 2736//356 2746//356 2723//356
f 2725//357 2753//357 2736//357 2724//357
f 2754//358 2753//358 2725//358
f 2751//5 2743//5 2732//5
f 2743//5 2731//5 2732//5
f 2743//5 2744//5 2731//5
f 2744//5 2714//5 2731//5
f 2744//5 2745//5 2714//5
f 2745//5 2750//5 2714//5
f 2745//5 2733//5 2750//5
f 2733//5 2749//5 2750//5
f 2733//5 2734//5 2749//5
f 2734//5 2693//5 2749//5
f 2734//5 2752//5 2693//5
f 2752//5 2742//5 2693//5
f 2752//5 2746//5 2742//5
f 2746//5 2730//5 2742//5
f 2746//5 2736//5 2730//5
f 2736//5 2741//5 2730//5
f 2736//5 2753//5 2741//5
f 2753//5 2759//5 2741//5
f 2753//5 2754//5 2759//5
f 2754//5 2758//5 2759//5
f 2754//5 2735//5 2758//5
f 2735//5 2748//5 2758//5
f 2735//5 2726//5 2748//5
f 2726//5 2729//5 2748//5
f 2726//5 2737//5 2729//5
f 2737//5 2757//5 2729//5
f 2737//5 2738//5 2757//5
f 2738//5 2740//5 2757//5
f 2738//5 2747//5 2740//5
f 2747//5 2739//5 2740//5
f 2747//5 2727//5 2739//5
f 2727//5 2756//5 2739//5
f 2727//5 2728//5 2756//5
f 2728//5 2755//5 2756//5
f 19//359 18//359 2760//359 2761//359
f 109//359 108//359 2762//359 2763//359
f 20//359 19//359 2761//359 2764//359
f 65//359 64//359 2765//359 2766//359
f 110//359 109//359 2763//359 2767//359
f 152//359 151//359 2768//359 2769//359
f 195//359 194//359 2770//359 2771//359
f 234//359 233//359 2772//359 2773//359
f 66//359 65//359 2766//359 2774//359
f 153//359 152//359 2769//359 2775//359
f 235//359 234//359 2773//359 2776//359
f 40//359 41//359 2778//359 2777//359
f 127//359 128//359 2780//359 2779//359
f 174//359 175//359 2782//359 2781//359
f 209//359 210//359 2784//359 2783//359
f 1//359 2//359 2786//359 2785//359
f 41//359 42//359 2787//359 2778//359
f 89//359 90//359 2789//359 2788//359
f 128//359 129//359 2790//359 2780//359
f 175//359 176//359 2791//359 2782//359
f 210//359 211//359 2792//359 2784//359
f 42//359 43//359 2793//359 2787//359
f 129//359 130//359 2794//359 2790//359
f 211//359 212//359 2795//359 2792//359
f 64//359 40//359 2777//359 2765//359
f 151//359 127//359 2779//359 2768//359
f 194//359 174//359 2781//359 2770//359
f 233//359 209//359 2783//359 2772//359
f 43//359 20//359 2764//359 2793//359
f 130//359 110//359 2767//359 2794//359
f 212//359 195//359 2771//359 2795//359
f 18//359 1//359 2785//359 2760//359
f 108//359 89//359 2788//359 2762//359
f 2//359 235//359 2776//359 2786//359
f 90//359 66//359 2774//359 2789//359
f 176//359 153//359 2775//359 2791//359
f 2815//360 2804//360 2876//360 2887//360
f 128//361 127//361 2851//361 2852//361
f 174//362 194//362 2842//362 2853//362
f 175//363 174//363 2853//363 2854//363
f 18//364 19//364 2833//364 2832//364
f 209//365 233//365 2844//365 2855//365
f 210//366 209//366 2855//366 2856//366
f 108//367 109//367 2835//367 2834//367
f 20//368 43//368 2865//368 2836//368
f 2//369 1//369 2857//369 2858//369
f 19//370 20//370 2836//370 2833//370
f 110//371 130//371 2866//371 2839//371
f 42//372 41//372 2850//372 2859//372
f 64//373 65//373 2838//373 2837//373
f 195//374 212//374 2867//374 2843//374
f 90//375 89//375 2860//375 2861//375
f 109//376 110//376 2839//376 2835//376
f 1//377 18//377 2832//377 2857//377
f 129//378 128//378 2852//378 2862//378
f 151//379 152//379 2841//379 2840//379
f 89//380 108//380 2834//380 2860//380
f 176//381 175//381 2854//381 2863//381
f 194//382 195//382 2843//382 2842//382
f 235//383 2//383 2858//383 2848//383
f 211//384 210//384 2856//384 2864//384
f 233//385 234//385 2845//385 2844//385
f 66//386 90//386 2861//386 2846//386
f 43//387 42//387 2859//387 2865//387
f 65//388 66//388 2846//388 2838//388
f 153//389 176//389 2863//389 2847//389
f 130//390 129//390 2862//390 2866//390
f 152//391 153//391 2847//391 2841//391
f 212//392 211//392 2864//392 2867//392
f 234//393 235//393 2848//393 2845//393
f 40//394 64//394 2837//394 2849//394
f 41//395 40//395 2849//395 2850//395
f 2797//359 2796//359 2832//359 2833//359
f 2799//359 2798//359 2834//359 2835//359
f 2800//359 2797//359 2833//359 2836//359
f 2802//359 2801//359 2837//359 2838//359
f 2803//359 2799//359 2835//359 2839//359
f 2805//359 2804//359 2840//359 2841//359
f 2807//359 2806//359 2842//359 2843//359
f 2809//359 2808//359 2844//359 2845//359
f 2810//359 2802//359 2838//359 2846//359
f 2811//359 2805//359 2841//359 2847//359
f 2812//359 2809//359 2845//359 2848//359
f 2813//359 2814//359 2850//359 2849//359
f 2815//359 2816//359 2852//359 2851//359
f 2817//359 2818//359 2854//359 2853//359
f 2819//359 2820//359 2856//359 2855//359
f 2821//359 2822//359 2858//359 2857//359
f 2814//359 2823//359 2859//359 2850//359
f 2824//359 2825//359 2861//359 2860//359
f 2816//359 2826//359 2862//359 2852//359
f 2818//359 2827//359 2863//359 2854//359
f 2820//359 2828//359 2864//359 2856//359
f 2823//359 2829//359 2865//359 2859//359
f 2826//359 2830//359 2866//359 2862//359
f 2828//359 2831//359 2867//359 2864//359
f 2801//359 2813//359 2849//359 2837//359
f 2804//359 2815//359 2851//359 2840//359
f 2806//359 2817//359 2853//359 2842//359
f 2808//359 2819//359 2855//359 2844//359
f 2829//359 2800//359 2836//359 2865//359
f 2830//359 2803//359 2839//359 2866//359
f 2831//359 2807//359 2843//359 2867//359
f 2796//359 2821//359 2857//359 2832//359
f 2798//359 2824//359 2860//359 2834//359
f 2822//359 2812//359 2848//359 2858//359
f 2825//359 2810//359 2846//359 2861//359
f 2827//359 2811//359 2847//359 2863//359
f 2885//359 2873//359 2874//359 2882//359 2897//359 2896//359 2870//359 2871//359 2875//359 2902//359 2898//359 2888//359 2887//359 2876//359 2877//359 2883//359 2899//359 2890//359 2889//359 2878//359 2879//359 2903//359 2900//359 2892//359 2891//359 2880//359 2881//359 2884//359 2894//359 2893//359 2868//359 2869//359 2872//359 2901//359 2895//359 2886//359
f 2816//396 2815//396 2887//396 2888//396
f 2817//397 2806//397 2878//397 2889//397
f 2818//398 2817//398 2889//398 2890//398
f 2796//399 2797//399 2869//399 2868//399
f 2819//400 2808//400 2880//400 2891//400
f 2820//401 2819//401 2891//401 2892//401
f 2798//402 2799//402 2871//402 2870//402
f 2800//403 2829//403 2901//403 2872//403
f 2822//404 2821//404 2893//404 2894//404
f 2797//405 2800//405 2872//405 2869//405
f 2803//406 2830//406 2902//406 2875//406
f 2823//407 2814//407 2886//407 2895//407
f 2801//408 2802//408 2874//408 2873//408
f 2807//409 2831//409 2903//409 2879//409
f 2825//410 2824//410 2896//410 2897//410
f 2799//411 2803//411 2875//411 2871//411
f 2821//412 2796//412 2868//412 2893//412
f 2826//413 2816//413 2888//413 2898//413
f 2804//414 2805//414 2877//414 2876//414
f 2824//415 2798//415 2870//415 2896//415
f 2827//416 2818//416 2890//416 2899//416
f 2806//417 2807//417 2879//417 2878//417
f 2812//418 2822//418 2894//418 2884//418
f 2828//419 2820//419 2892//419 2900//419
f 2808//420 2809//420 2881//420 2880//420
f 2810//421 2825//421 2897//421 2882//421
f 2829//422 2823//422 2895//422 2901//422
f 2802//423 2810//423 2882//423 2874//423
f 2811//424 2827//424 2899//424 2883//424
f 2830//425 2826//425 2898//425 2902//425
f 2805//426 2811//426 2883//426 2877//426
f 2831//427 2828//427 2900//427 2903//427
f 2809//428 2812//428 2884//428 2881//428
f 2813//429 2801//429 2873//429 2885//429
f 2814//430 2813//430 2885//430 2886//430
